index,liftID,resortID,liftName,status,timeToRide,timestamp,time_diff,time_diff_seconds
0,2,1,Avanti Express Lift #2,O,7,Sat Feb 15 20:13:50 2020,1 days 16:50:56.968864000,147056.968864
22,27,1,Black Forest #27,O,6,Sat Feb 15 20:13:50 2020,1 days 16:50:56.968864000,147056.968864
6,8,1,Born Free Express #8,O,6,Sat Feb 15 20:13:50 2020,1 days 16:50:56.968864000,147056.968864
16,20,1,Cascade Village #20,O,8,Sat Feb 15 20:13:50 2020,1 days 16:50:56.968864000,147056.968864
15,19,1,Eagle Bahn Gondola #19,O,8,Sat Feb 15 20:13:50 2020,1 days 16:50:56.968864000,147056.968864
14,18,1,Eagle's Nest Carpet #18,O,3,Sat Feb 15 20:13:50 2020,1 days 16:50:56.968864000,147056.968864
26,35,1,Eagle's Nest Carpet #35,O,2,Sat Feb 15 20:13:50 2020,1 days 16:50:56.968864000,147056.968864
29,38,1,Earl's Express #38,O,4,Sat Feb 15 20:13:50 2020,1 days 16:50:56.968864000,147056.968864
5,7,1,Game Creek Express #7,O,4,Sat Feb 15 20:13:50 2020,1 days 16:50:56.968864000,147056.968864
20,25,1,Golden Peak Carpet #25,O,3,Sat Feb 15 20:13:50 2020,1 days 16:50:56.968864000,147056.968864
23,29,1,Golden Peak Carpet #29,O,3,Sat Feb 15 20:13:50 2020,1 days 16:50:56.968864000,147056.968864
24,33,1,Golden Peak Carpet #33,O,1,Sat Feb 15 20:13:50 2020,1 days 16:50:56.968864000,147056.968864
10,12,1,Gopher Hill #12,O,3,Sat Feb 15 20:13:50 2020,1 days 16:50:56.968864000,147056.968864
3,5,1,High Noon Express #5,O,6,Sat Feb 15 20:13:50 2020,1 days 16:50:56.968864000,147056.968864
8,10,1,Highline Express #10,O,7,Sat Feb 15 20:13:50 2020,1 days 16:50:56.968864000,147056.968864
25,34,1,Lionshead Carpet #34,O,1,Sat Feb 15 20:13:50 2020,1 days 16:50:56.968864000,147056.968864
12,15,1,Little Eagle #15,O,2,Sat Feb 15 20:13:50 2020,1 days 16:50:56.968864000,147056.968864
18,22,1,Mongolia Lift #22,O,4,Sat Feb 15 20:13:50 2020,1 days 16:50:56.968864000,147056.968864
2,4,1,Mountain Top Express #4,O,4,Sat Feb 15 20:13:50 2020,1 days 16:50:56.968864000,147056.968864
9,11,1,Northwoods Express #11,O,6,Sat Feb 15 20:13:50 2020,1 days 16:50:56.968864000,147056.968864
13,1,1,One,O,8,Sat Feb 15 20:13:50 2020,1 days 16:50:56.968864000,147056.968864
17,21,1,Orient Express Lift #21,O,7,Sat Feb 15 20:13:50 2020,1 days 16:50:56.968864000,147056.968864
30,39,1,Pete's Express #39,O,4,Sat Feb 15 20:13:50 2020,1 days 16:50:56.968864000,147056.968864
21,26,1,Pride Express Lift #26,O,6,Sat Feb 15 20:13:50 2020,1 days 16:50:56.968864000,147056.968864
4,6,1,Riva Bahn Express #6,O,9,Sat Feb 15 20:13:50 2020,1 days 16:50:56.968864000,147056.968864
28,37,1,SkyLine Express #37,O,7,Sat Feb 15 20:13:50 2020,1 days 16:50:56.968864000,147056.968864
11,14,1,Sourdough Express #14,O,2,Sat Feb 15 20:13:50 2020,1 days 16:50:56.968864000,147056.968864
7,9,1,Sun Up Express #9,O,8,Sat Feb 15 20:13:50 2020,1 days 16:50:56.968864000,147056.968864
27,36,1,Tea Cup Express #36,O,6,Sat Feb 15 20:13:50 2020,1 days 16:50:56.968864000,147056.968864
19,24,1,Wapiti #24,O,2,Sat Feb 15 20:13:50 2020,1 days 16:50:56.968864000,147056.968864
1,3,1,Wildwood Express #3,O,5,Sat Feb 15 20:13:50 2020,1 days 16:50:56.968864000,147056.968864
45,17,2,Arrow Bahn,O,8,Sat Feb 15 20:13:50 2020,1 days 16:50:56.968864000,147056.968864
44,16,2,Bachelor Gulch Express,O,6,Sat Feb 15 20:13:50 2020,1 days 16:50:56.968864000,147056.968864
48,20,2,Bibber Lift,O,1,Sat Feb 15 20:13:50 2020,1 days 16:50:56.968864000,147056.968864
38,9,2,Birds of Prey Express,O,7,Sat Feb 15 20:13:50 2020,1 days 16:50:56.968864000,147056.968864
35,6,2,Centennial Express,O,8,Sat Feb 15 20:13:50 2020,1 days 16:50:56.968864000,147056.968864
37,8,2,Cinch Express,O,6,Sat Feb 15 20:13:50 2020,1 days 16:50:56.968864000,147056.968864
42,14,2,Elkhorn Lift,O,11,Sat Feb 15 20:13:50 2020,1 days 16:50:56.968864000,147056.968864
39,10,2,Grouse Mountain Express,O,5,Sat Feb 15 20:13:50 2020,1 days 16:50:56.968864000,147056.968864
31,1,2,Haymeadow Express Gondola,O,4,Sat Feb 15 20:13:50 2020,1 days 16:50:56.968864000,147056.968864
32,2,2,Highlands Lift,O,4,Sat Feb 15 20:13:50 2020,1 days 16:50:56.968864000,147056.968864
53,26,2,Jitterbug Lift,O,1,Sat Feb 15 20:13:50 2020,1 days 16:50:56.968864000,147056.968864
40,11,2,Larkspur Express,O,5,Sat Feb 15 20:13:50 2020,1 days 16:50:56.968864000,147056.968864
43,15,2,Lower Beaver Creek Mountain Express,O,7,Sat Feb 15 20:13:50 2020,1 days 16:50:56.968864000,147056.968864
47,19,2,Magic Lift,O,1,Sat Feb 15 20:13:50 2020,1 days 16:50:56.968864000,147056.968864
34,5,2,Red Buffalo Express,O,5,Sat Feb 15 20:13:50 2020,1 days 16:50:56.968864000,147056.968864
51,23,2,RitzBahn Lift,O,1,Sat Feb 15 20:13:50 2020,1 days 16:50:56.968864000,147056.968864
36,7,2,Riverfront Express Gondola,O,3,Sat Feb 15 20:13:50 2020,1 days 16:50:56.968864000,147056.968864
33,4,2,Rose Bowl Express,O,5,Sat Feb 15 20:13:50 2020,1 days 16:50:56.968864000,147056.968864
50,22,2,Snowflake Lift,O,1,Sat Feb 15 20:13:50 2020,1 days 16:50:56.968864000,147056.968864
41,12,2,Strawberry Park Express,O,7,Sat Feb 15 20:13:50 2020,1 days 16:50:56.968864000,147056.968864
49,21,2,Trail Rider,O,1,Sat Feb 15 20:13:50 2020,1 days 16:50:56.968864000,147056.968864
46,18,2,Upper Beaver Creek Mountain Express,O,9,Sat Feb 15 20:13:50 2020,1 days 16:50:56.968864000,147056.968864
52,25,2,Wagon Train Lift,O,1,Sat Feb 15 20:13:50 2020,1 days 16:50:56.968864000,147056.968864
74,21,3,A Chair,X,14,Sat Feb 15 20:13:50 2020,0 days 13:09:27.875414000,47367.875414
396,21,3,A Chair,O,14,Sun Feb 16 09:23:18 2020,1 days 03:41:29.093450000,99689.09345
397,21,3,A Chair,X,14,Sun Feb 16 15:59:40 2020,0 days 21:05:07.210682000,75907.210682
67,13,3,Beaver Run Superchair,X,11,Sat Feb 15 20:13:50 2020,0 days 13:09:27.875414000,47367.875414
389,13,3,Beaver Run Superchair,O,11,Sun Feb 16 09:23:18 2020,1 days 03:41:29.093450000,99689.09345
390,13,3,Beaver Run Superchair,X,11,Sun Feb 16 15:59:40 2020,0 days 21:05:07.210682000,75907.210682
389,13,3,Beaver Run Superchair,O,11,Mon Feb 17 13:04:47 2020,0 days 00:00:00.000000000,0.0
65,11,3,C Chair,X,13,Sat Feb 15 20:13:50 2020,0 days 13:09:27.875414000,47367.875414
387,11,3,C Chair,O,13,Sun Feb 16 09:23:18 2020,1 days 03:41:29.093450000,99689.09345
388,11,3,C Chair,X,13,Sun Feb 16 15:59:40 2020,0 days 21:05:07.210682000,75907.210682
387,11,3,C Chair,O,13,Mon Feb 17 13:04:47 2020,0 days 00:00:00.000000000,0.0
73,19,3,Camelback Platter,X,0,Sat Feb 15 20:13:50 2020,0 days 13:09:27.875414000,47367.875414
395,19,3,Camelback Platter,O,0,Sun Feb 16 09:23:18 2020,0 days 06:36:21.882768000,23781.882768000003
396,19,3,Camelback Platter,X,0,Sun Feb 16 15:59:40 2020,0 days 21:05:07.210682000,75907.210682
392,19,3,Camelback Platter,O,0,Mon Feb 17 13:04:47 2020,0 days 00:00:00.000000000,0.0
63,9,3,Castle Carpet 1,X,0,Sat Feb 15 20:13:50 2020,0 days 13:09:27.875414000,47367.875414
385,9,3,Castle Carpet 1,O,0,Sun Feb 16 09:23:18 2020,1 days 03:41:29.093450000,99689.09345
386,9,3,Castle Carpet 1,X,0,Sun Feb 16 15:59:40 2020,0 days 21:05:07.210682000,75907.210682
385,9,3,Castle Carpet 1,O,0,Mon Feb 17 13:04:47 2020,0 days 00:00:00.000000000,0.0
77,24,3,Castle Carpet 2,X,0,Sat Feb 15 20:13:50 2020,0 days 13:09:27.875414000,47367.875414
399,24,3,Castle Carpet 2,O,0,Sun Feb 16 09:23:18 2020,0 days 06:36:21.882768000,23781.882768000003
400,24,3,Castle Carpet 2,X,0,Sun Feb 16 15:59:40 2020,0 days 21:05:07.210682000,75907.210682
58,4,3,Chair 5,X,10,Sat Feb 15 20:13:50 2020,0 days 13:09:27.875414000,47367.875414
380,4,3,Chair 5,O,10,Sun Feb 16 09:23:18 2020,1 days 03:41:29.093450000,99689.09345
381,4,3,Chair 5,X,10,Sun Feb 16 15:59:40 2020,0 days 21:05:07.210682000,75907.210682
380,4,3,Chair 5,O,10,Mon Feb 17 13:04:47 2020,0 days 00:00:00.000000000,0.0
59,5,3,Chair 6,X,8,Sat Feb 15 20:13:50 2020,0 days 13:09:27.875414000,47367.875414
381,5,3,Chair 6,O,8,Sun Feb 16 09:23:18 2020,1 days 03:41:29.093450000,99689.09345
409,5,3,Chair 6,X,8,Sun Feb 16 14:58:11 2020,0 days 22:06:35.533021000,79595.53302100001
381,5,3,Chair 6,O,8,Mon Feb 17 13:04:47 2020,0 days 00:00:00.000000000,0.0
57,3,3,Colorado Superchair,X,8,Sat Feb 15 20:13:50 2020,0 days 13:09:27.875414000,47367.875414
379,3,3,Colorado Superchair,O,8,Sun Feb 16 09:23:18 2020,1 days 03:41:29.093450000,99689.09345
380,3,3,Colorado Superchair,X,8,Sun Feb 16 15:59:40 2020,0 days 21:05:07.210682000,75907.210682
379,3,3,Colorado Superchair,O,8,Mon Feb 17 13:04:47 2020,0 days 00:00:00.000000000,0.0
66,12,3,E Chair,X,7,Sat Feb 15 20:13:50 2020,0 days 13:09:27.875414000,47367.875414
388,12,3,E Chair,O,7,Sun Feb 16 09:23:18 2020,1 days 03:41:29.093450000,99689.09345
389,12,3,E Chair,X,7,Sun Feb 16 15:59:40 2020,0 days 21:05:07.210682000,75907.210682
388,12,3,E Chair,O,7,Mon Feb 17 13:04:47 2020,0 days 00:00:00.000000000,0.0
70,16,3,El Dorado Carpet C,X,0,Sat Feb 15 20:13:50 2020,0 days 13:09:27.875414000,47367.875414
392,16,3,El Dorado Carpet C,O,0,Sun Feb 16 09:23:18 2020,1 days 03:41:29.093450000,99689.09345
393,16,3,El Dorado Carpet C,X,0,Sun Feb 16 15:59:40 2020,0 days 21:05:07.210682000,75907.210682
71,17,3,El Dorado Carpet D,X,0,Sat Feb 15 20:13:50 2020,0 days 13:09:27.875414000,47367.875414
393,17,3,El Dorado Carpet D,O,0,Sun Feb 16 09:23:18 2020,1 days 03:41:29.093450000,99689.09345
394,17,3,El Dorado Carpet D,X,0,Sun Feb 16 15:59:40 2020,0 days 21:05:07.210682000,75907.210682
69,15,3,El Dorado Tow,X,0,Sat Feb 15 20:13:50 2020,0 days 13:09:27.875414000,47367.875414
391,15,3,El Dorado Tow,O,0,Sun Feb 16 09:23:18 2020,1 days 03:41:29.093450000,99689.09345
392,15,3,El Dorado Tow,X,0,Sun Feb 16 15:59:40 2020,0 days 21:05:07.210682000,75907.210682
75,22,3,Falcon Superchair,X,7,Sat Feb 15 20:13:50 2020,0 days 13:09:27.875414000,47367.875414
397,22,3,Falcon Superchair,O,7,Sun Feb 16 09:23:18 2020,1 days 03:41:29.093450000,99689.09345
398,22,3,Falcon Superchair,X,7,Sun Feb 16 15:59:40 2020,0 days 21:05:07.210682000,75907.210682
393,22,3,Falcon Superchair,O,7,Mon Feb 17 13:04:47 2020,0 days 00:00:00.000000000,0.0
54,33,3,Gondola,O,10,Sat Feb 15 20:13:50 2020,1 days 16:50:56.968864000,147056.968864
81,28,3,Imperial Express SuperChair,X,3,Sat Feb 15 20:13:50 2020,0 days 13:09:27.875414000,47367.875414
403,28,3,Imperial Express SuperChair,O,3,Sun Feb 16 09:23:18 2020,1 days 03:41:29.093450000,99689.09345
410,28,3,Imperial Express SuperChair,X,3,Sun Feb 16 13:58:08 2020,0 days 23:06:39.031524000,83199.031524
398,28,3,Imperial Express SuperChair,H,3,Mon Feb 17 13:04:47 2020,0 days 00:00:00.000000000,0.0
76,23,3,Independence SuperChair,X,7,Sat Feb 15 20:13:50 2020,0 days 13:09:27.875414000,47367.875414
398,23,3,Independence SuperChair,O,7,Sun Feb 16 09:23:18 2020,1 days 03:41:29.093450000,99689.09345
399,23,3,Independence SuperChair,X,7,Sun Feb 16 15:59:40 2020,0 days 21:05:07.210682000,75907.210682
394,23,3,Independence SuperChair,O,7,Mon Feb 17 13:04:47 2020,0 days 00:00:00.000000000,0.0
87,35,3,Kensho Superchair,X,6,Sat Feb 15 20:13:50 2020,0 days 13:09:27.875414000,47367.875414
410,35,3,Kensho Superchair,O,6,Sun Feb 16 09:23:18 2020,0 days 06:36:21.882768000,23781.882768000003
410,35,3,Kensho Superchair,X,6,Sun Feb 16 15:59:40 2020,0 days 21:05:07.210682000,75907.210682
397,35,3,Kensho Superchair,O,6,Mon Feb 17 13:04:47 2020,0 days 00:00:00.000000000,0.0
82,29,3,Kids Carpet 3,X,0,Sat Feb 15 20:13:50 2020,0 days 13:09:27.875414000,47367.875414
404,29,3,Kids Carpet 3,O,0,Sun Feb 16 09:23:18 2020,0 days 06:36:21.882768000,23781.882768000003
405,29,3,Kids Carpet 3,X,0,Sun Feb 16 15:59:40 2020,0 days 21:05:07.210682000,75907.210682
83,30,3,Kids Carpet 4,X,0,Sat Feb 15 20:13:50 2020,0 days 13:09:27.875414000,47367.875414
405,30,3,Kids Carpet 4,O,0,Sun Feb 16 09:23:18 2020,1 days 03:41:29.093450000,99689.09345
406,30,3,Kids Carpet 4,X,0,Sun Feb 16 15:59:40 2020,0 days 21:05:07.210682000,75907.210682
68,14,3,Mercury Superchair,X,7,Sat Feb 15 20:13:50 2020,0 days 13:09:27.875414000,47367.875414
390,14,3,Mercury Superchair,O,7,Sun Feb 16 09:23:18 2020,1 days 03:41:29.093450000,99689.09345
391,14,3,Mercury Superchair,X,7,Sun Feb 16 15:59:40 2020,0 days 21:05:07.210682000,75907.210682
390,14,3,Mercury Superchair,O,7,Mon Feb 17 13:04:47 2020,0 days 00:00:00.000000000,0.0
60,6,3,Peak 8 SuperConnect,X,8,Sat Feb 15 20:13:50 2020,0 days 13:09:27.875414000,47367.875414
382,6,3,Peak 8 SuperConnect,O,8,Sun Feb 16 09:23:18 2020,1 days 03:41:29.093450000,99689.09345
383,6,3,Peak 8 SuperConnect,X,8,Sun Feb 16 15:59:40 2020,0 days 21:05:07.210682000,75907.210682
382,6,3,Peak 8 SuperConnect,O,8,Mon Feb 17 13:04:47 2020,0 days 00:00:00.000000000,0.0
72,18,3,Quicksilver Super6,X,6,Sat Feb 15 20:13:50 2020,0 days 13:09:27.875414000,47367.875414
394,18,3,Quicksilver Super6,O,6,Sun Feb 16 09:23:18 2020,1 days 03:41:29.093450000,99689.09345
395,18,3,Quicksilver Super6,X,6,Sun Feb 16 15:59:40 2020,0 days 21:05:07.210682000,75907.210682
391,18,3,Quicksilver Super6,O,6,Mon Feb 17 13:04:47 2020,0 days 00:00:00.000000000,0.0
61,7,3,Rip's Ride,X,8,Sat Feb 15 20:13:50 2020,0 days 13:09:27.875414000,47367.875414
383,7,3,Rip's Ride,O,8,Sun Feb 16 09:23:18 2020,1 days 03:41:29.093450000,99689.09345
384,7,3,Rip's Ride,X,8,Sun Feb 16 15:59:40 2020,0 days 21:05:07.210682000,75907.210682
383,7,3,Rip's Ride,O,8,Mon Feb 17 13:04:47 2020,0 days 00:00:00.000000000,0.0
56,2,3,Rocky Mountain Superchair,X,7,Sat Feb 15 20:13:50 2020,0 days 13:09:27.875414000,47367.875414
378,2,3,Rocky Mountain Superchair,O,7,Sun Feb 16 09:23:18 2020,1 days 03:41:29.093450000,99689.09345
379,2,3,Rocky Mountain Superchair,X,7,Sun Feb 16 15:59:40 2020,0 days 21:05:07.210682000,75907.210682
378,2,3,Rocky Mountain Superchair,O,7,Mon Feb 17 13:04:47 2020,0 days 00:00:00.000000000,0.0
64,10,3,Snowflake,X,12,Sat Feb 15 20:13:50 2020,0 days 13:09:27.875414000,47367.875414
386,10,3,Snowflake,O,12,Sun Feb 16 09:23:18 2020,1 days 03:41:29.093450000,99689.09345
387,10,3,Snowflake,X,12,Sun Feb 16 15:59:40 2020,0 days 21:05:07.210682000,75907.210682
386,10,3,Snowflake,O,12,Mon Feb 17 13:04:47 2020,0 days 00:00:00.000000000,0.0
55,1,3,T-Bar,X,7,Sat Feb 15 20:13:50 2020,0 days 13:09:27.875414000,47367.875414
377,1,3,T-Bar,O,7,Sun Feb 16 09:23:18 2020,1 days 03:41:29.093450000,99689.09345
408,1,3,T-Bar,X,7,Sun Feb 16 14:58:11 2020,0 days 22:06:35.533021000,79595.53302100001
377,1,3,T-Bar,O,7,Mon Feb 17 13:04:47 2020,0 days 00:00:00.000000000,0.0
80,27,3,Trygve's Carpet,X,0,Sat Feb 15 20:13:50 2020,0 days 13:09:27.875414000,47367.875414
402,27,3,Trygve's Carpet,O,0,Sun Feb 16 09:23:18 2020,1 days 03:41:29.093450000,99689.09345
403,27,3,Trygve's Carpet,X,0,Sun Feb 16 15:59:40 2020,0 days 21:05:07.210682000,75907.210682
62,8,3,Trygve's Platter,X,0,Sat Feb 15 20:13:50 2020,0 days 13:09:27.875414000,47367.875414
384,8,3,Trygve's Platter,O,0,Sun Feb 16 09:23:18 2020,1 days 03:41:29.093450000,99689.09345
385,8,3,Trygve's Platter,X,0,Sun Feb 16 15:59:40 2020,0 days 21:05:07.210682000,75907.210682
384,8,3,Trygve's Platter,O,0,Mon Feb 17 13:04:47 2020,0 days 00:00:00.000000000,0.0
78,25,3,Village Carpet A,X,0,Sat Feb 15 20:13:50 2020,0 days 13:09:27.875414000,47367.875414
400,25,3,Village Carpet A,O,0,Sun Feb 16 09:23:18 2020,1 days 03:41:29.093450000,99689.09345
401,25,3,Village Carpet A,X,0,Sun Feb 16 15:59:40 2020,0 days 21:05:07.210682000,75907.210682
79,26,3,Village Carpet B,X,0,Sat Feb 15 20:13:50 2020,0 days 13:09:27.875414000,47367.875414
401,26,3,Village Carpet B,O,0,Sun Feb 16 09:23:18 2020,1 days 03:41:29.093450000,99689.09345
402,26,3,Village Carpet B,X,0,Sun Feb 16 15:59:40 2020,0 days 21:05:07.210682000,75907.210682
84,31,3,Village Carpet C,X,0,Sat Feb 15 20:13:50 2020,0 days 13:09:27.875414000,47367.875414
406,31,3,Village Carpet C,O,0,Sun Feb 16 09:23:18 2020,1 days 03:41:29.093450000,99689.09345
407,31,3,Village Carpet C,X,0,Sun Feb 16 15:59:40 2020,0 days 21:05:07.210682000,75907.210682
85,32,3,Village Carpet D,X,0,Sat Feb 15 20:13:50 2020,0 days 13:09:27.875414000,47367.875414
407,32,3,Village Carpet D,O,0,Sun Feb 16 09:23:18 2020,1 days 03:41:29.093450000,99689.09345
408,32,3,Village Carpet D,X,0,Sun Feb 16 15:59:40 2020,0 days 21:05:07.210682000,75907.210682
86,34,3,Zendo Chair,X,7,Sat Feb 15 20:13:50 2020,0 days 13:09:27.875414000,47367.875414
409,34,3,Zendo Chair,O,7,Sun Feb 16 09:23:18 2020,0 days 06:36:21.882768000,23781.882768000003
409,34,3,Zendo Chair,X,7,Sun Feb 16 15:59:40 2020,0 days 21:05:07.210682000,75907.210682
396,34,3,Zendo Chair,O,7,Mon Feb 17 13:04:47 2020,0 days 00:00:00.000000000,0.0
99,9,4,A51 Lift,X,5,Sat Feb 15 20:13:50 2020,0 days 13:09:27.875414000,47367.875414
418,9,4,A51 Lift,O,5,Sun Feb 16 09:23:18 2020,1 days 03:41:29.093450000,99689.09345
422,9,4,A51 Lift,X,5,Sun Feb 16 15:59:40 2020,0 days 21:05:07.210682000,75907.210682
418,9,4,A51 Lift,O,5,Mon Feb 17 13:04:47 2020,0 days 00:00:00.000000000,0.0
92,13,4,Adventure Point Tubing Carpet,O,2,Sat Feb 15 20:13:50 2020,1 days 16:50:56.968864000,147056.968864
98,7,4,Argentine,X,9,Sat Feb 15 20:13:50 2020,1 days 16:50:56.968864000,147056.968864
105,17,4,DblBarrel Magic Carpet 2,X,2,Sat Feb 15 20:13:50 2020,0 days 13:09:27.875414000,47367.875414
426,17,4,DblBarrel Magic Carpet 2,O,2,Sun Feb 16 09:23:18 2020,1 days 03:41:29.093450000,99689.09345
428,17,4,DblBarrel Magic Carpet 2,X,2,Sun Feb 16 15:59:40 2020,0 days 21:05:07.210682000,75907.210682
426,17,4,DblBarrel Magic Carpet 2,O,2,Mon Feb 17 13:04:47 2020,0 days 00:00:00.000000000,0.0
106,18,4,DblBarrel Magic Carpet 4,X,1,Sat Feb 15 20:13:50 2020,0 days 13:09:27.875414000,47367.875414
427,18,4,DblBarrel Magic Carpet 4,O,1,Sun Feb 16 09:23:18 2020,1 days 03:41:29.093450000,99689.09345
429,18,4,DblBarrel Magic Carpet 4,X,1,Sun Feb 16 15:59:40 2020,0 days 21:05:07.210682000,75907.210682
427,18,4,DblBarrel Magic Carpet 4,O,1,Mon Feb 17 13:04:47 2020,0 days 00:00:00.000000000,0.0
100,10,4,Discovery Chairlift,X,3,Sat Feb 15 20:13:50 2020,0 days 13:09:27.875414000,47367.875414
419,10,4,Discovery Chairlift,O,3,Sun Feb 16 09:23:18 2020,1 days 03:41:29.093450000,99689.09345
423,10,4,Discovery Chairlift,X,3,Sun Feb 16 15:59:40 2020,0 days 21:05:07.210682000,75907.210682
419,10,4,Discovery Chairlift,O,3,Mon Feb 17 13:04:47 2020,0 days 00:00:00.000000000,0.0
103,15,4,Discovery Magic Carpet 3,X,1,Sat Feb 15 20:13:50 2020,0 days 13:09:27.875414000,47367.875414
424,15,4,Discovery Magic Carpet 3,O,1,Sun Feb 16 09:23:18 2020,1 days 03:41:29.093450000,99689.09345
426,15,4,Discovery Magic Carpet 3,X,1,Sun Feb 16 15:59:40 2020,0 days 21:05:07.210682000,75907.210682
424,15,4,Discovery Magic Carpet 3,O,1,Mon Feb 17 13:04:47 2020,0 days 00:00:00.000000000,0.0
107,19,4,Gondola Midway Magic Carpet,X,1,Sat Feb 15 20:13:50 2020,0 days 13:09:27.875414000,47367.875414
428,19,4,Gondola Midway Magic Carpet,O,1,Sun Feb 16 09:23:18 2020,1 days 03:41:29.093450000,99689.09345
430,19,4,Gondola Midway Magic Carpet,X,1,Sun Feb 16 15:59:40 2020,0 days 21:05:07.210682000,75907.210682
428,19,4,Gondola Midway Magic Carpet,O,1,Mon Feb 17 13:04:47 2020,0 days 00:00:00.000000000,0.0
91,11,4,Kokomo Carpet,O,1,Sat Feb 15 20:13:50 2020,1 days 16:50:56.968864000,147056.968864
97,6,4,Montezuma Express,X,7,Sat Feb 15 20:13:50 2020,0 days 13:09:27.875414000,47367.875414
416,6,4,Montezuma Express,O,7,Sun Feb 16 09:23:18 2020,1 days 03:41:29.093450000,99689.09345
420,6,4,Montezuma Express,X,7,Sun Feb 16 15:59:40 2020,0 days 21:05:07.210682000,75907.210682
416,6,4,Montezuma Express,O,7,Mon Feb 17 13:04:47 2020,0 days 00:00:00.000000000,0.0
94,1,4,Outback Express,X,6,Sat Feb 15 20:13:50 2020,0 days 13:09:27.875414000,47367.875414
411,1,4,Outback Express,O,6,Sun Feb 16 09:23:18 2020,1 days 03:41:29.093450000,99689.09345
416,1,4,Outback Express,X,6,Sun Feb 16 15:59:40 2020,0 days 21:05:07.210682000,75907.210682
411,1,4,Outback Express,O,6,Mon Feb 17 13:04:47 2020,0 days 00:00:00.000000000,0.0
93,20,4,Outpost Gondola,O,7,Sat Feb 15 20:13:50 2020,1 days 16:50:56.968864000,147056.968864
90,8,4,Peru Express,O,7,Sat Feb 15 20:13:50 2020,1 days 16:50:56.968864000,147056.968864
101,12,4,Ranger,X,3,Sat Feb 15 20:13:50 2020,0 days 13:09:27.875414000,47367.875414
421,12,4,Ranger,O,3,Sun Feb 16 09:23:18 2020,1 days 03:41:29.093450000,99689.09345
424,12,4,Ranger,X,3,Sun Feb 16 15:59:40 2020,0 days 21:05:07.210682000,75907.210682
421,12,4,Ranger,O,3,Mon Feb 17 13:04:47 2020,0 days 00:00:00.000000000,0.0
89,5,4,River Run Gondola,O,11,Sat Feb 15 20:13:50 2020,1 days 16:50:56.968864000,147056.968864
102,14,4,Ruby Express,X,5,Sat Feb 15 20:13:50 2020,0 days 13:09:27.875414000,47367.875414
423,14,4,Ruby Express,O,5,Sun Feb 16 09:23:18 2020,1 days 03:41:29.093450000,99689.09345
425,14,4,Ruby Express,X,5,Sun Feb 16 15:59:40 2020,0 days 21:05:07.210682000,75907.210682
423,14,4,Ruby Express,O,5,Mon Feb 17 13:04:47 2020,0 days 00:00:00.000000000,0.0
95,2,4,Santiago Express,X,5,Sat Feb 15 20:13:50 2020,0 days 13:09:27.875414000,47367.875414
412,2,4,Santiago Express,O,5,Sun Feb 16 09:23:18 2020,1 days 03:41:29.093450000,99689.09345
417,2,4,Santiago Express,X,5,Sun Feb 16 15:59:40 2020,0 days 21:05:07.210682000,75907.210682
412,2,4,Santiago Express,O,5,Mon Feb 17 13:04:47 2020,0 days 00:00:00.000000000,0.0
88,4,4,Summit Express,O,9,Sat Feb 15 20:13:50 2020,0 days 19:45:49.758182000,71149.758182
419,4,4,Summit Express,X,9,Sun Feb 16 15:59:40 2020,0 days 21:05:07.210682000,75907.210682
414,4,4,Summit Express,O,9,Mon Feb 17 13:04:47 2020,0 days 00:00:00.000000000,0.0
104,16,4,Sunkid Magic Carpet,X,1,Sat Feb 15 20:13:50 2020,0 days 13:09:27.875414000,47367.875414
425,16,4,Sunkid Magic Carpet,O,1,Sun Feb 16 09:23:18 2020,1 days 03:41:29.093450000,99689.09345
427,16,4,Sunkid Magic Carpet,X,1,Sun Feb 16 15:59:40 2020,0 days 21:05:07.210682000,75907.210682
425,16,4,Sunkid Magic Carpet,O,1,Mon Feb 17 13:04:47 2020,0 days 00:00:00.000000000,0.0
96,3,4,Wayback,X,8,Sat Feb 15 20:13:50 2020,0 days 13:09:27.875414000,47367.875414
413,3,4,Wayback,O,8,Sun Feb 16 09:23:18 2020,1 days 03:41:29.093450000,99689.09345
418,3,4,Wayback,X,8,Sun Feb 16 15:59:40 2020,0 days 21:05:07.210682000,75907.210682
413,3,4,Wayback,O,8,Mon Feb 17 13:04:47 2020,0 days 00:00:00.000000000,0.0
127,20,5,Aerial Tram,X,3,Sat Feb 15 20:13:50 2020,0 days 13:09:27.875414000,47367.875414
440,20,5,Aerial Tram,O,3,Sun Feb 16 09:23:18 2020,1 days 03:41:29.093450000,99689.09345
133,28,5,Bear Cave Carpet,X,0,Sat Feb 15 20:13:50 2020,0 days 13:09:27.875414000,47367.875414
455,28,5,Bear Cave Carpet,H,0,Sun Feb 16 09:23:18 2020,1 days 03:41:29.093450000,99689.09345
455,28,5,Bear Cave Carpet,O,0,Mon Feb 17 13:04:47 2020,0 days 00:00:00.000000000,0.0
109,2,5,Big Easy,X,3,Sat Feb 15 20:13:50 2020,0 days 13:09:27.875414000,47367.875414
444,2,5,Big Easy,H,3,Sun Feb 16 09:23:18 2020,0 days 03:02:25.411185000,10945.411185
432,2,5,Big Easy,O,3,Sun Feb 16 12:25:43 2020,1 days 00:39:03.682265000,88743.68226500001
116,9,5,Boulder,X,7,Sat Feb 15 20:13:50 2020,0 days 13:09:27.875414000,47367.875414
433,9,5,Boulder,O,7,Sun Feb 16 09:23:18 2020,1 days 03:41:29.093450000,99689.09345
131,26,5,Boulder Carpet,X,0,Sat Feb 15 20:13:50 2020,0 days 13:09:27.875414000,47367.875414
453,26,5,Boulder Carpet,H,0,Sun Feb 16 09:23:18 2020,0 days 03:02:25.411185000,10945.411185
451,26,5,Boulder Carpet,O,0,Sun Feb 16 12:25:43 2020,1 days 00:39:03.682265000,88743.68226500001
120,13,5,Canyon,X,4,Sat Feb 15 20:13:50 2020,0 days 13:09:27.875414000,47367.875414
435,13,5,Canyon,O,4,Sun Feb 16 09:23:18 2020,1 days 03:41:29.093450000,99689.09345
111,4,5,Comet,X,4,Sat Feb 15 20:13:50 2020,0 days 13:09:27.875414000,47367.875414
446,4,5,Comet,H,4,Sun Feb 16 09:23:18 2020,0 days 02:02:21.689867000,7341.689867
432,4,5,Comet,O,4,Sun Feb 16 11:25:40 2020,1 days 01:39:07.403583000,92347.403583
128,21,5,DMZ Carpet,X,0,Sat Feb 15 20:13:50 2020,0 days 13:09:27.875414000,47367.875414
441,21,5,DMZ Carpet,O,0,Sun Feb 16 09:23:18 2020,1 days 03:41:29.093450000,99689.09345
110,3,5,Dipper,X,5,Sat Feb 15 20:13:50 2020,0 days 13:09:27.875414000,47367.875414
445,3,5,Dipper,H,5,Sun Feb 16 09:23:18 2020,1 days 03:41:29.093450000,99689.09345
431,3,5,Dipper,O,5,Sun Feb 16 10:25:36 2020,1 days 02:39:10.844081000,95950.844081
129,22,5,Enchanted Carpet,X,0,Sat Feb 15 20:13:50 2020,0 days 13:09:27.875414000,47367.875414
442,22,5,Enchanted Carpet,O,0,Sun Feb 16 09:23:18 2020,1 days 03:41:29.093450000,99689.09345
125,18,5,First Ride,X,3,Sat Feb 15 20:13:50 2020,0 days 13:09:27.875414000,47367.875414
438,18,5,First Ride,O,3,Sun Feb 16 09:23:18 2020,1 days 03:41:29.093450000,99689.09345
113,6,5,Galaxy,X,14,Sat Feb 15 20:13:50 2020,0 days 13:09:27.875414000,47367.875414
431,6,5,Galaxy,O,14,Sun Feb 16 09:23:18 2020,1 days 03:41:29.093450000,99689.09345
118,11,5,Gondola,X,12,Sat Feb 15 20:13:50 2020,0 days 13:09:27.875414000,47367.875414
449,11,5,Gondola,H,12,Sun Feb 16 09:23:18 2020,0 days 03:02:25.411185000,10945.411185
439,11,5,Gondola,O,12,Sun Feb 16 12:25:43 2020,1 days 00:39:03.682265000,88743.68226500001
122,15,5,Groove,X,3,Sat Feb 15 20:13:50 2020,0 days 13:09:27.875414000,47367.875414
451,15,5,Groove,H,3,Sun Feb 16 09:23:18 2020,1 days 03:41:29.093450000,99689.09345
438,15,5,Groove,O,3,Sun Feb 16 10:25:36 2020,1 days 02:39:10.844081000,95950.844081
126,19,5,Gunbarrel,X,4,Sat Feb 15 20:13:50 2020,0 days 13:09:27.875414000,47367.875414
439,19,5,Gunbarrel,O,4,Sun Feb 16 09:23:18 2020,1 days 03:41:29.093450000,99689.09345
112,5,5,Mott,X,5,Sat Feb 15 20:13:50 2020,0 days 13:09:27.875414000,47367.875414
447,5,5,Mott,H,5,Sun Feb 16 09:23:18 2020,0 days 03:02:25.411185000,10945.411185
435,5,5,Mott,O,5,Sun Feb 16 12:25:43 2020,1 days 00:39:03.682265000,88743.68226500001
115,8,5,North Bowl,X,11,Sat Feb 15 20:13:50 2020,0 days 13:09:27.875414000,47367.875414
448,8,5,North Bowl,H,11,Sun Feb 16 09:23:18 2020,0 days 04:23:49.845292000,15829.845292000002
438,8,5,North Bowl,O,11,Sun Feb 16 13:47:08 2020,0 days 23:17:39.248158000,83859.248158
114,7,5,Olympic,X,3,Sat Feb 15 20:13:50 2020,0 days 13:09:27.875414000,47367.875414
432,7,5,Olympic,O,3,Sun Feb 16 09:23:18 2020,1 days 03:41:29.093450000,99689.09345
453,7,5,Olympic,H,3,Sun Feb 16 12:25:43 2020,0 days 01:21:24.434107000,4884.434107
437,7,5,Olympic,O,3,Sun Feb 16 13:47:08 2020,0 days 23:17:39.248158000,83859.248158
123,16,5,Patsy's,X,3,Sat Feb 15 20:13:50 2020,0 days 13:09:27.875414000,47367.875414
437,16,5,Patsy's,O,3,Sun Feb 16 09:23:18 2020,1 days 03:41:29.093450000,99689.09345
130,25,5,Pioneer Mitey-Mite,X,0,Sat Feb 15 20:13:50 2020,0 days 13:09:27.875414000,47367.875414
452,25,5,Pioneer Mitey-Mite,H,0,Sun Feb 16 09:23:18 2020,1 days 03:41:29.093450000,99689.09345
445,25,5,Pioneer Mitey-Mite,O,0,Sun Feb 16 10:25:36 2020,1 days 02:39:10.844081000,95950.844081
121,14,5,Powderbowl,X,2,Sat Feb 15 20:13:50 2020,0 days 13:09:27.875414000,47367.875414
436,14,5,Powderbowl,O,2,Sun Feb 16 09:23:18 2020,1 days 03:41:29.093450000,99689.09345
132,27,5,Red Fir Mitey Mite,X,0,Sat Feb 15 20:13:50 2020,0 days 13:09:27.875414000,47367.875414
454,27,5,Red Fir Mitey Mite,H,0,Sun Feb 16 09:23:18 2020,1 days 03:41:29.093450000,99689.09345
454,27,5,Red Fir Mitey Mite,O,0,Mon Feb 17 13:04:47 2020,0 days 00:00:00.000000000,0.0
119,12,5,Sky,X,5,Sat Feb 15 20:13:50 2020,0 days 13:09:27.875414000,47367.875414
450,12,5,Sky,H,5,Sun Feb 16 09:23:18 2020,0 days 03:02:25.411185000,10945.411185
440,12,5,Sky,O,5,Sun Feb 16 12:25:43 2020,1 days 00:39:03.682265000,88743.68226500001
117,10,5,Stagecoach,X,6,Sat Feb 15 20:13:50 2020,0 days 13:09:27.875414000,47367.875414
434,10,5,Stagecoach,O,6,Sun Feb 16 09:23:18 2020,1 days 03:41:29.093450000,99689.09345
108,1,5,Tamarack,X,3,Sat Feb 15 20:13:50 2020,0 days 13:09:27.875414000,47367.875414
443,1,5,Tamarack,H,3,Sun Feb 16 09:23:18 2020,0 days 03:02:25.411185000,10945.411185
431,1,5,Tamarack,O,3,Sun Feb 16 12:25:43 2020,1 days 00:39:03.682265000,88743.68226500001
134,29,5,Tubing Lift,X,0,Sat Feb 15 20:13:50 2020,0 days 13:09:27.875414000,47367.875414
456,29,5,Tubing Lift,H,0,Sun Feb 16 09:23:18 2020,0 days 03:02:25.411185000,10945.411185
452,29,5,Tubing Lift,O,0,Sun Feb 16 12:25:43 2020,1 days 00:39:03.682265000,88743.68226500001
124,17,5,World Cup,X,4,Sat Feb 15 20:13:50 2020,1 days 16:50:56.968864000,147056.968864
135,1,7,Arrow Express,O,4,Sat Feb 15 20:13:50 2020,1 days 16:50:56.968864000,147056.968864
136,2,7,Backside Express,O,8,Sat Feb 15 20:13:50 2020,1 days 16:50:56.968864000,147056.968864
138,4,7,Big Springs Express Gondola,O,6,Sat Feb 15 20:13:50 2020,1 days 16:50:56.968864000,147056.968864
139,5,7,Comstock Express,O,7,Sat Feb 15 20:13:50 2020,1 days 16:50:56.968864000,147056.968864
141,7,7,Hemlock Carpet,O,1,Sat Feb 15 20:13:50 2020,1 days 16:50:56.968864000,147056.968864
140,6,7,Highlands Gondola,O,15,Sat Feb 15 20:13:50 2020,1 days 16:50:56.968864000,147056.968864
137,3,7,Jeffrey Pines Carpet,O,1,Sat Feb 15 20:13:50 2020,1 days 16:50:56.968864000,147056.968864
152,18,7,Juniper Carpet,O,2,Sat Feb 15 20:13:50 2020,1 days 16:50:56.968864000,147056.968864
142,8,7,Lookout Link Platter,O,4,Sat Feb 15 20:13:50 2020,1 days 16:50:56.968864000,147056.968864
143,9,7,Martis Camp Express,O,7,Sat Feb 15 20:13:50 2020,1 days 16:50:56.968864000,147056.968864
146,12,7,Promised Land Express,O,7,Sat Feb 15 20:13:50 2020,1 days 16:50:56.968864000,147056.968864
147,13,7,Rendezvous Triple,O,9,Sat Feb 15 20:13:50 2020,1 days 16:50:56.968864000,147056.968864
145,11,7,Sugar Pine Carpet,O,3,Sat Feb 15 20:13:50 2020,1 days 16:50:56.968864000,147056.968864
148,14,7,Tahoe Zephyr Express,O,6,Sat Feb 15 20:13:50 2020,1 days 16:50:56.968864000,147056.968864
149,15,7,The Big Easy Quad,O,7,Sat Feb 15 20:13:50 2020,1 days 16:50:56.968864000,147056.968864
144,10,7,The Spruces Carpet,O,1,Sat Feb 15 20:13:50 2020,1 days 16:50:56.968864000,147056.968864
150,16,7,Timberline Triple,O,9,Sat Feb 15 20:13:50 2020,1 days 16:50:56.968864000,147056.968864
151,17,7,Tubing Tow,O,1,Sat Feb 15 20:13:50 2020,1 days 16:50:56.968864000,147056.968864
153,19,7,Village Express,O,7,Sat Feb 15 20:13:50 2020,1 days 16:50:56.968864000,147056.968864
154,20,7,Vista Express,O,7,Sat Feb 15 20:13:50 2020,1 days 16:50:56.968864000,147056.968864
155,1,9,#1 Snowkirk,X,8,Sat Feb 15 20:13:50 2020,0 days 13:09:27.875414000,47367.875414
478,1,9,#1 Snowkirk,O,8,Sun Feb 16 09:23:18 2020,1 days 03:41:29.093450000,99689.09345
163,10,9,#10 The Wall,X,12,Sat Feb 15 20:13:50 2020,0 days 13:09:27.875414000,47367.875414
486,10,9,#10 The Wall,O,12,Sun Feb 16 09:23:18 2020,1 days 03:41:29.093450000,99689.09345
164,11,9,#11 The Reut,X,8,Sat Feb 15 20:13:50 2020,0 days 13:09:27.875414000,47367.875414
487,11,9,#11 The Reut,O,8,Sun Feb 16 09:23:18 2020,1 days 03:41:29.093450000,99689.09345
165,12,9,#12 Magic Carpet 1 (Ski School),X,1,Sat Feb 15 20:13:50 2020,1 days 16:50:56.968864000,147056.968864
166,13,9,#13 Magic Carpet 2,X,1,Sat Feb 15 20:13:50 2020,0 days 17:33:17.720706000,63197.72070600001
488,13,9,#13 Magic Carpet 2,O,1,Sun Feb 16 13:47:08 2020,0 days 23:17:39.248158000,83859.248158
167,14,9,#14 Vista T-Bar,X,4,Sat Feb 15 20:13:50 2020,0 days 13:09:27.875414000,47367.875414
488,14,9,#14 Vista T-Bar,O,4,Sun Feb 16 09:23:18 2020,1 days 03:41:29.093450000,99689.09345
156,2,9,#2 Caples Crest,X,6,Sat Feb 15 20:13:50 2020,0 days 13:09:27.875414000,47367.875414
479,2,9,#2 Caples Crest,O,6,Sun Feb 16 09:23:18 2020,1 days 03:41:29.093450000,99689.09345
157,3,9,#3 Iron Horse,X,5,Sat Feb 15 20:13:50 2020,0 days 13:09:27.875414000,47367.875414
480,3,9,#3 Iron Horse,O,5,Sun Feb 16 09:23:18 2020,1 days 03:41:29.093450000,99689.09345
158,4,9,#4 Sunrise,X,12,Sat Feb 15 20:13:50 2020,0 days 13:09:27.875414000,47367.875414
481,4,9,#4 Sunrise,O,12,Sun Feb 16 09:23:18 2020,1 days 03:41:29.093450000,99689.09345
159,5,9,#5 Solitude,X,6,Sat Feb 15 20:13:50 2020,0 days 13:09:27.875414000,47367.875414
482,5,9,#5 Solitude,O,6,Sun Feb 16 09:23:18 2020,1 days 03:41:29.093450000,99689.09345
160,6,9,#6 Cornice Express,X,4,Sat Feb 15 20:13:50 2020,0 days 13:09:27.875414000,47367.875414
483,6,9,#6 Cornice Express,O,4,Sun Feb 16 09:23:18 2020,1 days 03:41:29.093450000,99689.09345
161,7,9,#7 TC Express,X,3,Sat Feb 15 20:13:50 2020,0 days 13:09:27.875414000,47367.875414
484,7,9,#7 TC Express,O,3,Sun Feb 16 09:23:18 2020,1 days 03:41:29.093450000,99689.09345
162,9,9,#9 Bunny,X,4,Sat Feb 15 20:13:50 2020,0 days 13:09:27.875414000,47367.875414
485,9,9,#9 Bunny,O,4,Sun Feb 16 09:23:18 2020,1 days 03:41:29.093450000,99689.09345
181,1,10,Chair 1,X,3,Sat Feb 15 20:13:50 2020,1 days 16:50:56.968864000,147056.968864
175,10,10,Chair 10,O,3,Sat Feb 15 20:13:50 2020,1 days 16:50:56.968864000,147056.968864
182,11,10,Chair 11,X,3,Sat Feb 15 20:13:50 2020,1 days 16:50:56.968864000,147056.968864
183,12,10,Chair 12,X,2,Sat Feb 15 20:13:50 2020,1 days 16:50:56.968864000,147056.968864
176,13,10,Chair 13,O,5,Sat Feb 15 20:13:50 2020,1 days 16:50:56.968864000,147056.968864
184,14,10,Chair 14,X,5,Sat Feb 15 20:13:50 2020,1 days 16:50:56.968864000,147056.968864
177,15,10,Chair 15,O,4,Sat Feb 15 20:13:50 2020,1 days 16:50:56.968864000,147056.968864
178,16,10,Chair 16,O,2,Sat Feb 15 20:13:50 2020,1 days 16:50:56.968864000,147056.968864
185,17,10,Chair 17,X,3,Sat Feb 15 20:13:50 2020,1 days 16:50:56.968864000,147056.968864
179,18,10,Chair 18,O,2,Sat Feb 15 20:13:50 2020,1 days 16:50:56.968864000,147056.968864
508,18,10,Chair 18,X,2,Mon Feb 17 13:04:47 2020,0 days 00:00:00.000000000,0.0
168,2,10,Chair 2,O,3,Sat Feb 15 20:13:50 2020,1 days 16:50:56.968864000,147056.968864
169,3,10,Chair 3,O,3,Sat Feb 15 20:13:50 2020,1 days 16:50:56.968864000,147056.968864
170,4,10,Chair 4,O,2,Sat Feb 15 20:13:50 2020,1 days 16:50:56.968864000,147056.968864
171,5,10,Chair 5,O,3,Sat Feb 15 20:13:50 2020,1 days 16:50:56.968864000,147056.968864
172,6,10,Chair 6,O,3,Sat Feb 15 20:13:50 2020,1 days 16:50:56.968864000,147056.968864
173,7,10,Chair 7,O,2,Sat Feb 15 20:13:50 2020,1 days 16:50:56.968864000,147056.968864
174,9,10,Chair 9,O,3,Sat Feb 15 20:13:50 2020,1 days 16:50:56.968864000,147056.968864
503,9,10,Chair 9,X,3,Mon Feb 17 13:04:47 2020,0 days 00:00:00.000000000,0.0
180,19,10,Terrain Park Tow Rope,O,2,Sat Feb 15 20:13:50 2020,1 days 16:50:56.968864000,147056.968864
189,7,11,Carpet #7,O,1,Sat Feb 15 20:13:50 2020,1 days 16:50:56.968864000,147056.968864
193,1,11,Chairlift #1,X,3,Sat Feb 15 20:13:50 2020,0 days 13:09:27.875414000,47367.875414
509,1,11,Chairlift #1,O,3,Sun Feb 16 09:23:18 2020,1 days 03:41:29.093450000,99689.09345
518,1,11,Chairlift #1,X,3,Mon Feb 17 13:04:47 2020,0 days 00:00:00.000000000,0.0
192,15,11,Chairlift #10,O,1,Sat Feb 15 20:13:50 2020,1 days 16:50:56.968864000,147056.968864
186,2,11,Chairlift #2,O,3,Sat Feb 15 20:13:50 2020,1 days 16:50:56.968864000,147056.968864
187,3,11,Chairlift #3,O,2,Sat Feb 15 20:13:50 2020,1 days 16:50:56.968864000,147056.968864
188,4,11,Chairlift #4,O,2,Sat Feb 15 20:13:50 2020,1 days 16:50:56.968864000,147056.968864
194,5,11,Chairlift #5,X,4,Sat Feb 15 20:13:50 2020,0 days 13:09:27.875414000,47367.875414
513,5,11,Chairlift #5,O,4,Sun Feb 16 09:23:18 2020,1 days 03:41:29.093450000,99689.09345
195,14,11,Chairlift #6,X,1,Sat Feb 15 20:13:50 2020,1 days 16:50:56.968864000,147056.968864
513,14,11,Chairlift #6,O,1,Mon Feb 17 13:04:47 2020,0 days 00:00:00.000000000,0.0
196,11,11,Rope #11,X,1,Sat Feb 15 20:13:50 2020,1 days 16:50:56.968864000,147056.968864
197,12,11,Rope #12,X,1,Sat Feb 15 20:13:50 2020,1 days 16:50:56.968864000,147056.968864
198,13,11,Rope #13,X,1,Sat Feb 15 20:13:50 2020,1 days 16:50:56.968864000,147056.968864
190,8,11,Rope #8 (Park),O,1,Sat Feb 15 20:13:50 2020,1 days 16:50:56.968864000,147056.968864
191,9,11,Rope #9 (Park),O,1,Sat Feb 15 20:13:50 2020,1 days 16:50:56.968864000,147056.968864
229,33,12,3 Kings,O,4,Sat Feb 15 20:13:50 2020,1 days 16:50:56.968864000,147056.968864
222,26,12,Bonanza Express,O,5,Sat Feb 15 20:13:50 2020,1 days 16:50:56.968864000,147056.968864
219,23,12,Cabriolet Gondola,O,3,Sat Feb 15 20:13:50 2020,1 days 16:50:56.968864000,147056.968864
226,30,12,Crescent Express,O,8,Sat Feb 15 20:13:50 2020,1 days 16:50:56.968864000,147056.968864
211,12,12,Day Break,O,8,Sat Feb 15 20:13:50 2020,1 days 16:50:56.968864000,147056.968864
213,14,12,DreamCatcher,O,10,Sat Feb 15 20:13:50 2020,1 days 16:50:56.968864000,147056.968864
212,13,12,DreamScape,O,8,Sat Feb 15 20:13:50 2020,1 days 16:50:56.968864000,147056.968864
227,31,12,Eagle,O,7,Sat Feb 15 20:13:50 2020,1 days 16:50:56.968864000,147056.968864
240,35,12,Eaglet,X,3,Sat Feb 15 20:13:50 2020,1 days 16:50:56.968864000,147056.968864
228,32,12,First Time Express,O,2,Sat Feb 15 20:13:50 2020,1 days 16:50:56.968864000,147056.968864
216,17,12,Flat Iron,O,6,Sat Feb 15 20:13:50 2020,1 days 16:50:56.968864000,147056.968864
220,24,12,Frostwood Gondola,O,3,Sat Feb 15 20:13:50 2020,1 days 16:50:56.968864000,147056.968864
205,7,12,High Meadow,O,3,Sat Feb 15 20:13:50 2020,1 days 16:50:56.968864000,147056.968864
215,16,12,Iron Mountain Express,O,5,Sat Feb 15 20:13:50 2020,1 days 16:50:56.968864000,147056.968864
230,34,12,Jupiter,O,7,Sat Feb 15 20:13:50 2020,1 days 16:50:56.968864000,147056.968864
231,36,12,King Con Express,O,5,Sat Feb 15 20:13:50 2020,1 days 16:50:56.968864000,147056.968864
233,38,12,McConkey's Express,O,5,Sat Feb 15 20:13:50 2020,1 days 16:50:56.968864000,147056.968864
238,44,12,Mine Cart,O,1,Sat Feb 15 20:13:50 2020,1 days 16:50:56.968864000,147056.968864
224,28,12,Motherlode Express,O,5,Sat Feb 15 20:13:50 2020,1 days 16:50:56.968864000,147056.968864
237,43,12,Mule Train,O,1,Sat Feb 15 20:13:50 2020,1 days 16:50:56.968864000,147056.968864
209,10,12,Ninety-Nine 90 Express,O,5,Sat Feb 15 20:13:50 2020,1 days 16:50:56.968864000,147056.968864
200,2,12,Orange Bubble Express,O,9,Sat Feb 15 20:13:50 2020,1 days 16:50:56.968864000,147056.968864
208,46,12,Over and Out,O,4,Sat Feb 15 20:13:50 2020,1 days 16:50:56.968864000,147056.968864
221,25,12,PayDay Express,O,6,Sat Feb 15 20:13:50 2020,1 days 16:50:56.968864000,147056.968864
210,11,12,Peak 5,O,6,Sat Feb 15 20:13:50 2020,1 days 16:50:56.968864000,147056.968864
234,39,12,Pioneer,O,8,Sat Feb 15 20:13:50 2020,1 days 16:50:56.968864000,147056.968864
236,41,12,Quicksilver Gondola,O,6,Sat Feb 15 20:13:50 2020,1 days 16:50:56.968864000,147056.968864
199,1,12,Red Pine Gondola,O,6,Sat Feb 15 20:13:50 2020,1 days 16:50:56.968864000,147056.968864
218,21,12,Rip Cord,O,1,Sat Feb 15 20:13:50 2020,1 days 16:50:56.968864000,147056.968864
206,8,12,Saddleback Express,O,4,Sat Feb 15 20:13:50 2020,1 days 16:50:56.968864000,147056.968864
202,4,12,Short Cut,O,3,Sat Feb 15 20:13:50 2020,1 days 16:50:56.968864000,147056.968864
241,43,12,Silver Lining,X,1,Sat Feb 15 20:13:50 2020,1 days 16:50:56.968864000,147056.968864
232,37,12,Silver Star,O,6,Sat Feb 15 20:13:50 2020,1 days 16:50:56.968864000,147056.968864
223,27,12,Silverlode Express,O,5,Sat Feb 15 20:13:50 2020,1 days 16:50:56.968864000,147056.968864
204,6,12,Sun Peak Express,O,4,Sat Feb 15 20:13:50 2020,1 days 16:50:56.968864000,147056.968864
201,3,12,Sunrise,O,4,Sat Feb 15 20:13:50 2020,1 days 16:50:56.968864000,147056.968864
203,5,12,Super Condor,O,6,Sat Feb 15 20:13:50 2020,1 days 16:50:56.968864000,147056.968864
217,18,12,Sweet Pea ,O,2,Sat Feb 15 20:13:50 2020,1 days 16:50:56.968864000,147056.968864
225,29,12,Thaynes,O,6,Sat Feb 15 20:13:50 2020,1 days 16:50:56.968864000,147056.968864
214,15,12,Timberline,O,5,Sat Feb 15 20:13:50 2020,1 days 16:50:56.968864000,147056.968864
207,9,12,Tombstone Express,O,7,Sat Feb 15 20:13:50 2020,1 days 16:50:56.968864000,147056.968864
239,45,12,Tommy Knocker,O,1,Sat Feb 15 20:13:50 2020,1 days 16:50:56.968864000,147056.968864
235,40,12,Town,O,13,Sat Feb 15 20:13:50 2020,1 days 16:50:56.968864000,147056.968864
253,3,13,7th Heaven Express,X,6,Sat Feb 15 20:13:50 2020,0 days 13:09:27.875414000,47367.875414
576,3,13,7th Heaven Express,O,6,Sun Feb 16 09:23:18 2020,1 days 03:41:29.093450000,99689.09345
577,3,13,7th Heaven Express,X,6,Sun Feb 16 15:59:40 2020,0 days 21:05:07.210682000,75907.210682
576,3,13,7th Heaven Express,O,6,Mon Feb 17 13:04:47 2020,0 days 00:00:00.000000000,0.0
262,36,13,Big Red Express,X,8,Sat Feb 15 20:13:50 2020,0 days 13:09:27.875414000,47367.875414
583,36,13,Big Red Express,O,8,Sun Feb 16 09:23:18 2020,1 days 03:41:29.093450000,99689.09345
585,36,13,Big Red Express,X,8,Sun Feb 16 15:59:40 2020,0 days 21:05:07.210682000,75907.210682
584,36,13,Big Red Express,O,8,Mon Feb 17 13:04:47 2020,0 days 00:00:00.000000000,0.0
242,69,13,Blackcomb Gondola Lower,X,7,Sat Feb 15 20:13:50 2020,0 days 13:09:27.875414000,47367.875414
565,69,13,Blackcomb Gondola Lower,O,7,Sun Feb 16 09:23:18 2020,1 days 03:41:29.093450000,99689.09345
568,69,13,Blackcomb Gondola Lower,X,7,Sun Feb 16 15:59:40 2020,0 days 21:05:07.210682000,75907.210682
565,69,13,Blackcomb Gondola Lower,O,7,Mon Feb 17 13:04:47 2020,0 days 00:00:00.000000000,0.0
243,70,13,Blackcomb Gondola Upper,X,7,Sat Feb 15 20:13:50 2020,0 days 13:09:27.875414000,47367.875414
566,70,13,Blackcomb Gondola Upper,O,7,Sun Feb 16 09:23:18 2020,1 days 03:41:29.093450000,99689.09345
569,70,13,Blackcomb Gondola Upper,X,7,Sun Feb 16 15:59:40 2020,0 days 21:05:07.210682000,75907.210682
566,70,13,Blackcomb Gondola Upper,O,7,Mon Feb 17 13:04:47 2020,0 days 00:00:00.000000000,0.0
249,9,13,Catskinner Express,X,4,Sat Feb 15 20:13:50 2020,0 days 13:09:27.875414000,47367.875414
572,9,13,Catskinner Express,O,4,Sun Feb 16 09:23:18 2020,1 days 03:41:29.093450000,99689.09345
573,9,13,Catskinner Express,X,4,Sun Feb 16 15:59:40 2020,0 days 21:05:07.210682000,75907.210682
572,9,13,Catskinner Express,O,4,Mon Feb 17 13:04:47 2020,0 days 00:00:00.000000000,0.0
256,14,13,Coca-Cola Tube Park,X,4,Sat Feb 15 20:13:50 2020,0 days 14:11:46.124783000,51106.12478300001
578,14,13,Coca-Cola Tube Park,O,4,Sun Feb 16 10:25:36 2020,1 days 02:39:10.844081000,95950.844081
261,34,13,Creekside Gondola,X,7,Sat Feb 15 20:13:50 2020,0 days 13:09:27.875414000,47367.875414
582,34,13,Creekside Gondola,O,7,Sun Feb 16 09:23:18 2020,1 days 03:41:29.093450000,99689.09345
584,34,13,Creekside Gondola,X,7,Sun Feb 16 15:59:40 2020,0 days 21:05:07.210682000,75907.210682
583,34,13,Creekside Gondola,O,7,Mon Feb 17 13:04:47 2020,0 days 00:00:00.000000000,0.0
251,10,13,Crystal Ridge Express,X,7,Sat Feb 15 20:13:50 2020,0 days 13:09:27.875414000,47367.875414
574,10,13,Crystal Ridge Express,O,7,Sun Feb 16 09:23:18 2020,1 days 03:41:29.093450000,99689.09345
575,10,13,Crystal Ridge Express,X,7,Sun Feb 16 15:59:40 2020,0 days 21:05:07.210682000,75907.210682
574,10,13,Crystal Ridge Express,O,7,Mon Feb 17 13:04:47 2020,0 days 00:00:00.000000000,0.0
263,35,13,Emerald 6 Express,X,6,Sat Feb 15 20:13:50 2020,0 days 13:09:27.875414000,47367.875414
584,35,13,Emerald 6 Express,O,6,Sun Feb 16 09:23:18 2020,1 days 03:41:29.093450000,99689.09345
586,35,13,Emerald 6 Express,X,6,Sun Feb 16 15:59:40 2020,0 days 21:05:07.210682000,75907.210682
585,35,13,Emerald 6 Express,O,6,Mon Feb 17 13:04:47 2020,0 days 00:00:00.000000000,0.0
244,5,13,Excalibur Gondola Lower,X,3,Sat Feb 15 20:13:50 2020,0 days 13:09:27.875414000,47367.875414
567,5,13,Excalibur Gondola Lower,O,3,Sun Feb 16 09:23:18 2020,1 days 03:41:29.093450000,99689.09345
245,71,13,Excalibur Gondola Upper,X,5,Sat Feb 15 20:13:50 2020,0 days 13:09:27.875414000,47367.875414
568,71,13,Excalibur Gondola Upper,O,5,Sun Feb 16 09:23:18 2020,1 days 03:41:29.093450000,99689.09345
570,71,13,Excalibur Gondola Upper,X,5,Sun Feb 16 15:59:40 2020,0 days 21:05:07.210682000,75907.210682
568,71,13,Excalibur Gondola Upper,O,5,Mon Feb 17 13:04:47 2020,0 days 00:00:00.000000000,0.0
246,8,13,Excelerator Express,X,6,Sat Feb 15 20:13:50 2020,0 days 13:09:27.875414000,47367.875414
569,8,13,Excelerator Express,O,6,Sun Feb 16 09:23:18 2020,1 days 03:41:29.093450000,99689.09345
571,8,13,Excelerator Express,X,6,Sun Feb 16 15:59:40 2020,0 days 21:05:07.210682000,75907.210682
569,8,13,Excelerator Express,O,6,Mon Feb 17 13:04:47 2020,0 days 00:00:00.000000000,0.0
259,45,13,Fitzsimmons Express,X,6,Sat Feb 15 20:13:50 2020,0 days 13:09:27.875414000,47367.875414
580,45,13,Fitzsimmons Express,O,6,Sun Feb 16 09:23:18 2020,1 days 03:41:29.093450000,99689.09345
582,45,13,Fitzsimmons Express,X,6,Sun Feb 16 15:59:40 2020,0 days 21:05:07.210682000,75907.210682
581,45,13,Fitzsimmons Express,O,6,Mon Feb 17 13:04:47 2020,0 days 00:00:00.000000000,0.0
266,44,13,Franz's Chair,X,8,Sat Feb 15 20:13:50 2020,1 days 16:50:56.968864000,147056.968864
260,40,13,Garbanzo Express,X,7,Sat Feb 15 20:13:50 2020,0 days 13:09:27.875414000,47367.875414
581,40,13,Garbanzo Express,O,7,Sun Feb 16 09:23:18 2020,1 days 03:41:29.093450000,99689.09345
583,40,13,Garbanzo Express,X,7,Sun Feb 16 15:59:40 2020,0 days 21:05:07.210682000,75907.210682
582,40,13,Garbanzo Express,O,7,Mon Feb 17 13:04:47 2020,0 days 00:00:00.000000000,0.0
252,7,13,Glacier Express,X,6,Sat Feb 15 20:13:50 2020,0 days 13:09:27.875414000,47367.875414
575,7,13,Glacier Express,O,6,Sun Feb 16 09:23:18 2020,1 days 03:41:29.093450000,99689.09345
576,7,13,Glacier Express,X,6,Sun Feb 16 15:59:40 2020,0 days 21:05:07.210682000,75907.210682
575,7,13,Glacier Express,O,6,Mon Feb 17 13:04:47 2020,0 days 00:00:00.000000000,0.0
268,37,13,Harmony 6 Express,X,6,Sat Feb 15 20:13:50 2020,0 days 13:09:27.875414000,47367.875414
588,37,13,Harmony 6 Express,O,6,Sun Feb 16 09:23:18 2020,1 days 03:41:29.093450000,99689.09345
591,37,13,Harmony 6 Express,X,6,Sun Feb 16 15:59:40 2020,0 days 21:05:07.210682000,75907.210682
589,37,13,Harmony 6 Express,O,6,Mon Feb 17 13:04:47 2020,0 days 00:00:00.000000000,0.0
255,11,13,Horstman T-Bar,X,4,Sat Feb 15 20:13:50 2020,1 days 16:50:56.968864000,147056.968864
248,4,13,Jersey Cream Express,X,5,Sat Feb 15 20:13:50 2020,0 days 13:09:27.875414000,47367.875414
571,4,13,Jersey Cream Express,O,5,Sun Feb 16 09:23:18 2020,1 days 03:41:29.093450000,99689.09345
572,4,13,Jersey Cream Express,X,5,Sun Feb 16 15:59:40 2020,0 days 21:05:07.210682000,75907.210682
571,4,13,Jersey Cream Express,O,5,Mon Feb 17 13:04:47 2020,0 days 00:00:00.000000000,0.0
247,6,13,Magic Chair,X,6,Sat Feb 15 20:13:50 2020,0 days 13:09:27.875414000,47367.875414
570,6,13,Magic Chair,O,6,Sun Feb 16 09:23:18 2020,1 days 03:41:29.093450000,99689.09345
265,39,13,Olympic Chair,X,5,Sat Feb 15 20:13:50 2020,0 days 13:09:27.875414000,47367.875414
586,39,13,Olympic Chair,O,5,Sun Feb 16 09:23:18 2020,0 days 06:36:21.882768000,23781.882768000003
588,39,13,Olympic Chair,X,5,Sun Feb 16 15:59:40 2020,0 days 21:05:07.210682000,75907.210682
587,39,13,Olympic Chair,O,5,Mon Feb 17 13:04:47 2020,0 days 00:00:00.000000000,0.0
250,22,13,Peak 2 Peak Gondola,X,12,Sat Feb 15 20:13:50 2020,0 days 13:09:27.875414000,47367.875414
573,22,13,Peak 2 Peak Gondola,O,12,Sun Feb 16 09:23:18 2020,1 days 03:41:29.093450000,99689.09345
574,22,13,Peak 2 Peak Gondola,X,12,Sun Feb 16 15:59:40 2020,0 days 21:05:07.210682000,75907.210682
573,22,13,Peak 2 Peak Gondola,O,12,Mon Feb 17 13:04:47 2020,0 days 00:00:00.000000000,0.0
267,43,13,Peak Express,X,3,Sat Feb 15 20:13:50 2020,0 days 13:09:27.875414000,47367.875414
587,43,13,Peak Express,O,3,Sun Feb 16 09:23:18 2020,1 days 03:41:29.093450000,99689.09345
590,43,13,Peak Express,X,3,Sun Feb 16 15:59:40 2020,0 days 21:05:07.210682000,75907.210682
588,43,13,Peak Express,O,3,Mon Feb 17 13:04:47 2020,0 days 00:00:00.000000000,0.0
254,12,13,Showcase T-Bar,X,3,Sat Feb 15 20:13:50 2020,0 days 13:09:27.875414000,47367.875414
577,12,13,Showcase T-Bar,O,3,Sun Feb 16 09:23:18 2020,1 days 03:41:29.093450000,99689.09345
590,12,13,Showcase T-Bar,X,3,Sun Feb 16 14:58:11 2020,0 days 22:06:35.533021000,79595.53302100001
577,12,13,Showcase T-Bar,O,3,Mon Feb 17 13:04:47 2020,0 days 00:00:00.000000000,0.0
269,42,13,Symphony Express,X,7,Sat Feb 15 20:13:50 2020,0 days 14:11:46.124783000,51106.12478300001
590,42,13,Symphony Express,O,7,Sun Feb 16 10:25:36 2020,1 days 02:39:10.844081000,95950.844081
593,42,13,Symphony Express,X,7,Sun Feb 16 14:58:11 2020,0 days 22:06:35.533021000,79595.53302100001
590,42,13,Symphony Express,O,7,Mon Feb 17 13:04:47 2020,0 days 00:00:00.000000000,0.0
270,41,13,T-Bars,X,5,Sat Feb 15 20:13:50 2020,0 days 13:09:27.875414000,47367.875414
589,41,13,T-Bars,O,5,Sun Feb 16 09:23:18 2020,1 days 03:41:29.093450000,99689.09345
593,41,13,T-Bars,X,5,Sun Feb 16 15:59:40 2020,0 days 21:05:07.210682000,75907.210682
591,41,13,T-Bars,O,5,Mon Feb 17 13:04:47 2020,0 days 00:00:00.000000000,0.0
257,33,13,Whistler Village Gondola Lower,X,5,Sat Feb 15 20:13:50 2020,0 days 13:09:27.875414000,47367.875414
578,33,13,Whistler Village Gondola Lower,O,5,Sun Feb 16 09:23:18 2020,1 days 03:41:29.093450000,99689.09345
580,33,13,Whistler Village Gondola Lower,X,5,Sun Feb 16 15:59:40 2020,0 days 21:05:07.210682000,75907.210682
579,33,13,Whistler Village Gondola Lower,O,5,Mon Feb 17 13:04:47 2020,0 days 00:00:00.000000000,0.0
258,72,13,Whistler Village Gondola Upper,X,11,Sat Feb 15 20:13:50 2020,0 days 13:09:27.875414000,47367.875414
579,72,13,Whistler Village Gondola Upper,O,11,Sun Feb 16 09:23:18 2020,1 days 03:41:29.093450000,99689.09345
581,72,13,Whistler Village Gondola Upper,X,11,Sun Feb 16 15:59:40 2020,0 days 21:05:07.210682000,75907.210682
580,72,13,Whistler Village Gondola Upper,O,11,Mon Feb 17 13:04:47 2020,0 days 00:00:00.000000000,0.0
280,9,14,Adventure Carpet,X,1,Sat Feb 15 20:13:50 2020,0 days 13:09:27.875414000,47367.875414
602,9,14,Adventure Carpet,O,1,Sun Feb 16 09:23:18 2020,1 days 03:41:29.093450000,99689.09345
602,9,14,Adventure Carpet,X,1,Sun Feb 16 13:47:08 2020,0 days 23:17:39.248158000,83859.248158
281,10,14,Adventure Triple,X,3,Sat Feb 15 20:13:50 2020,0 days 13:09:27.875414000,47367.875414
603,10,14,Adventure Triple,O,3,Sun Feb 16 09:23:18 2020,1 days 03:41:29.093450000,99689.09345
603,10,14,Adventure Triple,X,3,Sun Feb 16 13:47:08 2020,0 days 23:17:39.248158000,83859.248158
273,2,14,FourRunner Quad,X,7,Sat Feb 15 20:13:50 2020,0 days 13:09:27.875414000,47367.875414
595,2,14,FourRunner Quad,O,7,Sun Feb 16 09:23:18 2020,1 days 03:41:29.093450000,99689.09345
595,2,14,FourRunner Quad,X,7,Sun Feb 16 13:47:08 2020,0 days 23:17:39.248158000,83859.248158
272,1,14,Gondola,X,8,Sat Feb 15 20:13:50 2020,0 days 13:09:27.875414000,47367.875414
594,1,14,Gondola,O,8,Sun Feb 16 09:23:18 2020,1 days 03:41:29.093450000,99689.09345
594,1,14,Gondola,X,8,Sun Feb 16 13:47:08 2020,0 days 23:17:39.248158000,83859.248158
274,3,14,Lookout Double,X,12,Sat Feb 15 20:13:50 2020,0 days 13:09:27.875414000,47367.875414
596,3,14,Lookout Double,O,12,Sun Feb 16 09:23:18 2020,1 days 03:41:29.093450000,99689.09345
596,3,14,Lookout Double,X,12,Sun Feb 16 13:47:08 2020,0 days 23:17:39.248158000,83859.248158
282,11,14,Meadows Carpet,X,1,Sat Feb 15 20:13:50 2020,0 days 13:09:27.875414000,47367.875414
604,11,14,Meadows Carpet,O,1,Sun Feb 16 09:23:18 2020,1 days 03:41:29.093450000,99689.09345
604,11,14,Meadows Carpet,X,1,Sun Feb 16 13:47:08 2020,0 days 23:17:39.248158000,83859.248158
279,8,14,Meadows Quad,X,4,Sat Feb 15 20:13:50 2020,0 days 13:09:27.875414000,47367.875414
601,8,14,Meadows Quad,O,4,Sun Feb 16 09:23:18 2020,1 days 03:41:29.093450000,99689.09345
601,8,14,Meadows Quad,X,4,Sun Feb 16 13:47:08 2020,0 days 23:17:39.248158000,83859.248158
276,5,14,Mountain Triple,X,9,Sat Feb 15 20:13:50 2020,0 days 13:09:27.875414000,47367.875414
598,5,14,Mountain Triple,O,9,Sun Feb 16 09:23:18 2020,1 days 03:41:29.093450000,99689.09345
598,5,14,Mountain Triple,X,9,Sun Feb 16 13:47:08 2020,0 days 23:17:39.248158000,83859.248158
271,12,14,Over Easy Gondola,O,2,Sat Feb 15 20:13:50 2020,0 days 17:33:17.720706000,63197.72070600001
605,12,14,Over Easy Gondola,X,2,Sun Feb 16 13:47:08 2020,0 days 23:17:39.248158000,83859.248158
275,4,14,Sensation Quad,X,6,Sat Feb 15 20:13:50 2020,0 days 13:09:27.875414000,47367.875414
597,4,14,Sensation Quad,O,6,Sun Feb 16 09:23:18 2020,1 days 03:41:29.093450000,99689.09345
597,4,14,Sensation Quad,X,6,Sun Feb 16 13:47:08 2020,0 days 23:17:39.248158000,83859.248158
278,7,14,Sunny Spruce Quad,X,4,Sat Feb 15 20:13:50 2020,0 days 13:09:27.875414000,47367.875414
600,7,14,Sunny Spruce Quad,O,4,Sun Feb 16 09:23:18 2020,1 days 03:41:29.093450000,99689.09345
600,7,14,Sunny Spruce Quad,X,4,Sun Feb 16 13:47:08 2020,0 days 23:17:39.248158000,83859.248158
277,6,14,Toll House Double,X,14,Sat Feb 15 20:13:50 2020,0 days 13:09:27.875414000,47367.875414
599,6,14,Toll House Double,O,14,Sun Feb 16 09:23:18 2020,1 days 03:41:29.093450000,99689.09345
599,6,14,Toll House Double,X,14,Sun Feb 16 13:47:08 2020,0 days 23:17:39.248158000,83859.248158
283,1,15,Aspen Carpet,O,2,Sat Feb 15 20:13:50 2020,1 days 16:50:56.968864000,147056.968864
284,2,15,East River Express,O,4,Sat Feb 15 20:13:50 2020,1 days 16:50:56.968864000,147056.968864
285,3,15,Gold Link Lift,O,5,Sat Feb 15 20:13:50 2020,1 days 16:50:56.968864000,147056.968864
286,4,15,North Face Lift T-Bar,O,2,Sat Feb 15 20:13:50 2020,1 days 16:50:56.968864000,147056.968864
287,5,15,Painter Boy Lift,O,4,Sat Feb 15 20:13:50 2020,1 days 16:50:56.968864000,147056.968864
288,6,15,Paradise Express,O,5,Sat Feb 15 20:13:50 2020,1 days 16:50:56.968864000,147056.968864
289,7,15,Peachtree Lift,O,3,Sat Feb 15 20:13:50 2020,1 days 16:50:56.968864000,147056.968864
290,8,15,Pine Carpet,O,1,Sat Feb 15 20:13:50 2020,1 days 16:50:56.968864000,147056.968864
291,9,15,Prospect Lift,O,5,Sat Feb 15 20:13:50 2020,1 days 16:50:56.968864000,147056.968864
292,10,15,Red Lady Express,O,5,Sat Feb 15 20:13:50 2020,1 days 16:50:56.968864000,147056.968864
293,11,15,Silver Queen Express,O,7,Sat Feb 15 20:13:50 2020,1 days 16:50:56.968864000,147056.968864
294,12,15,Spruce Carpet,O,1,Sat Feb 15 20:13:50 2020,1 days 16:50:56.968864000,147056.968864
295,13,15,Teocalli Lift,O,7,Sat Feb 15 20:13:50 2020,1 days 16:50:56.968864000,147056.968864
296,14,15,The High Lift T-Bar,O,4,Sat Feb 15 20:13:50 2020,1 days 16:50:56.968864000,147056.968864
297,15,15,West Wall Lift,O,4,Sat Feb 15 20:13:50 2020,1 days 16:50:56.968864000,147056.968864
298,1,16,Clipper Ship Quad,O,4,Sat Feb 15 20:13:50 2020,1 days 16:50:56.968864000,147056.968864
299,2,16,Flying Carpet,O,2,Sat Feb 15 20:13:50 2020,1 days 16:50:56.968864000,147056.968864
300,8,16,Little Carpet,O,2,Sat Feb 15 20:13:50 2020,1 days 16:50:56.968864000,147056.968864
301,9,16,Middle Carpet,O,2,Sat Feb 15 20:13:50 2020,1 days 16:50:56.968864000,147056.968864
302,3,16,North Peak Triple,O,10,Sat Feb 15 20:13:50 2020,1 days 16:50:56.968864000,147056.968864
306,4,16,Piggyback,X,2,Sat Feb 15 20:13:50 2020,1 days 16:50:56.968864000,147056.968864
303,5,16,Spruce Triple,O,4,Sat Feb 15 20:13:50 2020,1 days 16:50:56.968864000,147056.968864
305,7,16,Sunapee Express,O,10,Sat Feb 15 20:13:50 2020,1 days 16:50:56.968864000,147056.968864
304,6,16,Sunbowl Express,O,12,Sat Feb 15 20:13:50 2020,0 days 14:11:46.124783000,51106.12478300001
628,6,16,Sunbowl Express,H,12,Sun Feb 16 10:25:36 2020,1 days 02:39:10.844081000,95950.844081
629,6,16,Sunbowl Express,X,12,Mon Feb 17 13:04:47 2020,0 days 00:00:00.000000000,0.0
307,1,17,Black Ridge Triple,O,6,Sat Feb 15 20:13:50 2020,1 days 16:50:56.968864000,147056.968864
308,2,17,Coleman Brook Express Quad,O,3,Sat Feb 15 20:13:50 2020,1 days 16:50:56.968864000,147056.968864
309,3,17,F-10 Carpet,O,2,Sat Feb 15 20:13:50 2020,1 days 16:50:56.968864000,147056.968864
310,4,17,Glades Peak Quad,O,8,Sat Feb 15 20:13:50 2020,1 days 16:50:56.968864000,147056.968864
311,16,17,Green Ridge Triple,O,8,Sat Feb 15 20:13:50 2020,1 days 16:50:56.968864000,147056.968864
312,5,17,Morning Star Triple,O,6,Sat Feb 15 20:13:50 2020,1 days 16:50:56.968864000,147056.968864
313,6,17,Orion's Belt Carpet,O,1,Sat Feb 15 20:13:50 2020,1 days 16:50:56.968864000,147056.968864
314,7,17,Quantum Four,O,5,Sat Feb 15 20:13:50 2020,1 days 16:50:56.968864000,147056.968864
315,8,17,Sachem Quad,O,9,Sat Feb 15 20:13:50 2020,1 days 16:50:56.968864000,147056.968864
316,9,17,Snow Star Carpet,O,1,Sat Feb 15 20:13:50 2020,1 days 16:50:56.968864000,147056.968864
317,11,17,Solitude Express Quad,O,5,Sat Feb 15 20:13:50 2020,1 days 16:50:56.968864000,147056.968864
318,12,17,South Face Express Quad,O,5,Sat Feb 15 20:13:50 2020,1 days 16:50:56.968864000,147056.968864
319,13,17,South Ridge Quad A,O,6,Sat Feb 15 20:13:50 2020,1 days 16:50:56.968864000,147056.968864
320,17,17,South Ridge Quad B,O,6,Sat Feb 15 20:13:50 2020,1 days 16:50:56.968864000,147056.968864
321,14,17,Sunburst Six,O,6,Sat Feb 15 20:13:50 2020,1 days 16:50:56.968864000,147056.968864
322,15,17,Sunshine Quad,O,6,Sat Feb 15 20:13:50 2020,1 days 16:50:56.968864000,147056.968864
