,liftID,resortID,liftName,status,timeToRide,timestamp,time_diff,time_diff_seconds
0,3,13,7th Heaven Express,X,6,Fri Jan  3 00:19:09 2020,1 days 13:59:59.794440000,136799.79444
1,3,13,7th Heaven Express,O,6,Sat Jan  4 14:19:09 2020,0 days 00:29:59.297179000,1799.2971790000001
2,3,13,7th Heaven Express,X,6,Sat Jan  4 14:49:08 2020,0 days 22:00:01.500183000,79201.50018300001
3,3,13,7th Heaven Express,O,6,Sun Jan  5 12:49:10 2020,0 days 01:59:58.326201000,7198.326201000001
4,3,13,7th Heaven Express,X,6,Sun Jan  5 14:49:08 2020,0 days 18:56:18.469982000,68178.46998200001
5,3,13,7th Heaven Express,O,6,Mon Jan  6 09:45:27 2020,0 days 05:00:00.822932000,18000.822932000003
6,3,13,7th Heaven Express,X,6,Mon Jan  6 14:45:27 2020,1 days 19:29:58.953718000,156598.953718
7,3,13,7th Heaven Express,O,6,Wed Jan  8 10:15:26 2020,0 days 03:00:00.054434000,10800.054434000001
8,3,13,7th Heaven Express,H,6,Wed Jan  8 13:15:26 2020,0 days 00:44:59.772083000,2699.7720830000003
9,3,13,7th Heaven Express,X,6,Wed Jan  8 14:00:26 2020,0 days 19:44:59.976644000,71099.97664400001
10,3,13,7th Heaven Express,O,6,Thu Jan  9 09:45:26 2020,0 days 02:00:01.148056000,7201.148056
11,3,13,7th Heaven Express,H,6,Thu Jan  9 11:45:27 2020,0 days 00:29:58.694299000,1798.694299
12,3,13,7th Heaven Express,O,6,Thu Jan  9 12:15:26 2020,0 days 02:30:00.385756000,9000.385756
13,3,13,7th Heaven Express,X,6,Thu Jan  9 14:45:26 2020,0 days 18:59:59.717921000,68399.717921
14,3,13,7th Heaven Express,O,6,Fri Jan 10 09:45:26 2020,0 days 05:00:00.212837000,18000.212837000003
15,3,13,7th Heaven Express,X,6,Fri Jan 10 14:45:26 2020,0 days 18:29:59.374804000,66599.374804
16,3,13,7th Heaven Express,O,6,Sat Jan 11 09:15:26 2020,0 days 05:30:00.376921000,19800.376921000003
17,3,13,7th Heaven Express,X,6,Sat Jan 11 14:45:26 2020,0 days 19:14:59.716274000,69299.716274
18,3,13,7th Heaven Express,O,6,Sun Jan 12 10:00:26 2020,0 days 04:44:59.749960000,17099.74996
19,3,13,7th Heaven Express,X,6,Sun Jan 12 14:45:25 2020,0 days 02:30:04.234886000,9004.234886
452,4,13,Jersey Cream Express,X,5,Fri Jan  3 00:19:09 2020,0 days 07:29:59.217251000,26999.217251000002
453,4,13,Jersey Cream Express,H,5,Fri Jan  3 07:49:08 2020,0 days 00:59:59.955929000,3599.955929
454,4,13,Jersey Cream Express,O,5,Fri Jan  3 08:49:08 2020,0 days 06:30:00.075907000,23400.075907000002
455,4,13,Jersey Cream Express,X,5,Fri Jan  3 15:19:08 2020,0 days 17:00:00.490553000,61200.490553
456,4,13,Jersey Cream Express,H,5,Sat Jan  4 08:19:09 2020,0 days 01:29:59.192153000,5399.192153
457,4,13,Jersey Cream Express,O,5,Sat Jan  4 09:49:08 2020,0 days 05:30:00.317132000,19800.317132
458,4,13,Jersey Cream Express,X,5,Sat Jan  4 15:19:08 2020,0 days 16:29:59.800197000,59399.800197000004
459,4,13,Jersey Cream Express,H,5,Sun Jan  5 07:49:08 2020,0 days 01:30:00.570781000,5400.570781
460,4,13,Jersey Cream Express,O,5,Sun Jan  5 09:19:09 2020,0 days 05:59:59.432408000,21599.432408
461,4,13,Jersey Cream Express,X,5,Sun Jan  5 15:19:08 2020,0 days 16:41:20.253036000,60080.253036
462,4,13,Jersey Cream Express,H,5,Mon Jan  6 08:00:28 2020,0 days 00:44:57.319780000,2697.3197800000003
463,4,13,Jersey Cream Express,O,5,Mon Jan  6 08:45:26 2020,0 days 06:29:59.752015000,23399.752015000002
464,4,13,Jersey Cream Express,X,5,Mon Jan  6 15:15:26 2020,0 days 16:30:00.645198000,59400.645198000006
465,4,13,Jersey Cream Express,H,5,Tue Jan  7 07:45:26 2020,0 days 01:59:59.688948000,7199.688948000001
466,4,13,Jersey Cream Express,O,5,Tue Jan  7 09:45:26 2020,0 days 05:30:00.097727000,19800.097727
467,4,13,Jersey Cream Express,X,5,Tue Jan  7 15:15:26 2020,0 days 16:29:59.999299000,59399.999299
468,4,13,Jersey Cream Express,H,5,Wed Jan  8 07:45:26 2020,0 days 01:14:59.806921000,4499.806921
469,4,13,Jersey Cream Express,O,5,Wed Jan  8 09:00:26 2020,0 days 06:30:00.400559000,23400.400559
470,4,13,Jersey Cream Express,X,5,Wed Jan  8 15:30:26 2020,0 days 16:15:00.071091000,58500.071091000005
471,4,13,Jersey Cream Express,H,5,Thu Jan  9 07:45:26 2020,0 days 00:45:00.012735000,2700.0127350000002
472,4,13,Jersey Cream Express,O,5,Thu Jan  9 08:30:26 2020,0 days 06:45:00.177602000,24300.177602
473,4,13,Jersey Cream Express,X,5,Thu Jan  9 15:15:26 2020,0 days 16:29:59.441410000,59399.44141000001
474,4,13,Jersey Cream Express,H,5,Fri Jan 10 07:45:26 2020,0 days 00:44:59.829894000,2699.829894
475,4,13,Jersey Cream Express,O,5,Fri Jan 10 08:30:26 2020,0 days 06:45:00.093875000,24300.093875000002
476,4,13,Jersey Cream Express,X,5,Fri Jan 10 15:15:26 2020,0 days 16:30:00.262163000,59400.26216300001
477,4,13,Jersey Cream Express,H,5,Sat Jan 11 07:45:26 2020,0 days 00:30:04.092417000,1804.092417
478,4,13,Jersey Cream Express,O,5,Sat Jan 11 08:15:30 2020,0 days 06:59:55.821512000,25195.821512000002
479,4,13,Jersey Cream Express,X,5,Sat Jan 11 15:15:26 2020,0 days 16:29:59.883415000,59399.883415000004
480,4,13,Jersey Cream Express,H,5,Sun Jan 12 07:45:26 2020,0 days 00:45:00.165019000,2700.165019
481,4,13,Jersey Cream Express,O,5,Sun Jan 12 08:30:26 2020,0 days 06:45:00.110154000,24300.110154
482,4,13,Jersey Cream Express,X,5,Sun Jan 12 15:15:26 2020,0 days 02:00:03.602429000,7203.6024290000005
247,5,13,Excalibur Gondola Lower,X,3,Fri Jan  3 00:19:09 2020,0 days 07:29:59.217251000,26999.217251000002
248,5,13,Excalibur Gondola Lower,H,3,Fri Jan  3 07:49:08 2020,0 days 00:59:59.955929000,3599.955929
249,5,13,Excalibur Gondola Lower,O,3,Fri Jan  3 08:49:08 2020,0 days 10:00:00.666599000,36000.666599000004
250,5,13,Excalibur Gondola Lower,X,3,Fri Jan  3 18:49:09 2020,0 days 13:29:59.899861000,48599.899861000005
251,5,13,Excalibur Gondola Lower,H,3,Sat Jan  4 08:19:09 2020,0 days 00:30:00.315220000,1800.3152200000002
252,5,13,Excalibur Gondola Lower,O,3,Sat Jan  4 08:49:09 2020,0 days 09:59:59.318465000,35999.318465000004
253,5,13,Excalibur Gondola Lower,X,3,Sat Jan  4 18:49:09 2020,0 days 12:59:59.675797000,46799.675797
254,5,13,Excalibur Gondola Lower,H,3,Sun Jan  5 07:49:08 2020,0 days 00:30:00.082044000,1800.0820440000002
255,5,13,Excalibur Gondola Lower,O,3,Sun Jan  5 08:19:08 2020,0 days 10:26:17.760311000,37577.760311000005
256,5,13,Excalibur Gondola Lower,X,3,Sun Jan  5 18:45:26 2020,0 days 13:15:02.413870000,47702.413870000004
257,5,13,Excalibur Gondola Lower,H,3,Mon Jan  6 08:00:28 2020,0 days 00:30:00.210025000,1800.210025
258,5,13,Excalibur Gondola Lower,O,3,Mon Jan  6 08:30:29 2020,0 days 10:14:57.421416000,36897.421416000005
259,5,13,Excalibur Gondola Lower,X,3,Mon Jan  6 18:45:26 2020,0 days 13:00:00.085552000,46800.085552000004
260,5,13,Excalibur Gondola Lower,H,3,Tue Jan  7 07:45:26 2020,0 days 00:44:59.583076000,2699.5830760000003
261,5,13,Excalibur Gondola Lower,O,3,Tue Jan  7 08:30:26 2020,0 days 12:30:00.704368000,45000.704368000006
262,5,13,Excalibur Gondola Lower,X,3,Tue Jan  7 21:00:26 2020,0 days 10:44:59.498530000,38699.498530000004
263,5,13,Excalibur Gondola Lower,H,3,Wed Jan  8 07:45:26 2020,0 days 00:45:00.182603000,2700.182603
264,5,13,Excalibur Gondola Lower,O,3,Wed Jan  8 08:30:26 2020,0 days 14:30:00.329950000,52200.32995000001
265,5,13,Excalibur Gondola Lower,X,3,Wed Jan  8 23:00:26 2020,0 days 08:44:59.766018000,31499.766018000002
266,5,13,Excalibur Gondola Lower,H,3,Thu Jan  9 07:45:26 2020,0 days 00:45:00.012735000,2700.0127350000002
267,5,13,Excalibur Gondola Lower,O,3,Thu Jan  9 08:30:26 2020,0 days 10:15:00.057428000,36900.057428
268,5,13,Excalibur Gondola Lower,X,3,Thu Jan  9 18:45:26 2020,0 days 12:59:59.561584000,46799.561584
269,5,13,Excalibur Gondola Lower,H,3,Fri Jan 10 07:45:26 2020,0 days 00:44:59.829894000,2699.829894
270,5,13,Excalibur Gondola Lower,O,3,Fri Jan 10 08:30:26 2020,0 days 10:14:59.891738000,36899.891738000006
271,5,13,Excalibur Gondola Lower,X,3,Fri Jan 10 18:45:26 2020,0 days 13:00:00.464300000,46800.4643
272,5,13,Excalibur Gondola Lower,H,3,Sat Jan 11 07:45:26 2020,0 days 00:30:04.092417000,1804.092417
273,5,13,Excalibur Gondola Lower,O,3,Sat Jan 11 08:15:30 2020,0 days 10:29:56.562638000,37796.562638
274,5,13,Excalibur Gondola Lower,X,3,Sat Jan 11 18:45:27 2020,0 days 12:59:59.142289000,46799.142289
275,5,13,Excalibur Gondola Lower,H,3,Sun Jan 12 07:45:26 2020,0 days 00:30:00.341306000,1800.341306
276,5,13,Excalibur Gondola Lower,O,3,Sun Jan 12 08:15:26 2020,0 days 09:00:03.536296000,32403.536296000002
483,6,13,Magic Chair,X,6,Fri Jan  3 00:19:09 2020,0 days 07:29:59.217251000,26999.217251000002
484,6,13,Magic Chair,H,6,Fri Jan  3 07:49:08 2020,0 days 00:59:59.955929000,3599.955929
485,6,13,Magic Chair,O,6,Fri Jan  3 08:49:08 2020,0 days 08:30:00.108264000,30600.108264000002
486,6,13,Magic Chair,X,6,Fri Jan  3 17:19:08 2020,0 days 15:00:00.458196000,54000.45819600001
487,6,13,Magic Chair,O,6,Sat Jan  4 08:19:09 2020,0 days 09:00:00.295618000,32400.295618000004
488,6,13,Magic Chair,X,6,Sat Jan  4 17:19:09 2020,0 days 14:29:59.013864000,52199.013864
489,6,13,Magic Chair,H,6,Sun Jan  5 07:49:08 2020,0 days 00:30:00.082044000,1800.0820440000002
490,6,13,Magic Chair,O,6,Sun Jan  5 08:19:08 2020,0 days 09:00:00.036854000,32400.036854
491,6,13,Magic Chair,X,6,Sun Jan  5 17:19:08 2020,0 days 14:41:20.137327000,52880.137327000004
492,6,13,Magic Chair,H,6,Mon Jan  6 08:00:28 2020,0 days 00:30:00.210025000,1800.210025
493,6,13,Magic Chair,O,6,Mon Jan  6 08:30:29 2020,0 days 08:44:57.521743000,31497.521743
494,6,13,Magic Chair,X,6,Mon Jan  6 17:15:26 2020,0 days 14:29:59.985225000,52199.985225000004
495,6,13,Magic Chair,H,6,Tue Jan  7 07:45:26 2020,0 days 01:07:32.391719000,4052.391719
496,6,13,Magic Chair,O,6,Tue Jan  7 08:52:59 2020,0 days 08:22:28.820084000,30148.820084000003
497,6,13,Magic Chair,X,6,Tue Jan  7 17:15:27 2020,0 days 14:29:58.574171000,52198.574171
498,6,13,Magic Chair,H,6,Wed Jan  8 07:45:26 2020,0 days 00:45:00.182603000,2700.182603
499,6,13,Magic Chair,O,6,Wed Jan  8 08:30:26 2020,0 days 08:44:59.935333000,31499.935333
500,6,13,Magic Chair,X,6,Wed Jan  8 17:15:26 2020,0 days 14:30:00.160635000,52200.160635
501,6,13,Magic Chair,H,6,Thu Jan  9 07:45:26 2020,0 days 00:45:00.012735000,2700.0127350000002
502,6,13,Magic Chair,O,6,Thu Jan  9 08:30:26 2020,0 days 08:39:59.461064000,31199.461064000003
503,6,13,Magic Chair,X,6,Thu Jan  9 17:10:26 2020,0 days 14:35:00.157948000,52500.157948
504,6,13,Magic Chair,H,6,Fri Jan 10 07:45:26 2020,0 days 00:44:59.829894000,2699.829894
505,6,13,Magic Chair,O,6,Fri Jan 10 08:30:26 2020,0 days 08:45:00.184807000,31500.184807
506,6,13,Magic Chair,X,6,Fri Jan 10 17:15:26 2020,0 days 14:30:00.171231000,52200.171231
507,6,13,Magic Chair,H,6,Sat Jan 11 07:45:26 2020,0 days 00:44:59.889105000,2699.889105
508,6,13,Magic Chair,O,6,Sat Jan 11 08:30:26 2020,0 days 08:45:00.314998000,31500.314998
509,6,13,Magic Chair,X,6,Sat Jan 11 17:15:26 2020,0 days 14:29:59.593241000,52199.593241
510,6,13,Magic Chair,H,6,Sun Jan 12 07:45:26 2020,0 days 00:30:00.341306000,1800.341306
511,6,13,Magic Chair,O,6,Sun Jan 12 08:15:26 2020,0 days 09:00:03.536296000,32403.536296000002
512,6,13,Magic Chair,X,6,Sun Jan 12 17:15:30 2020,0 days 00:00:00.000000000,0.0
435,7,13,Glacier Express,X,6,Fri Jan  3 00:19:09 2020,3 days 11:26:16.707970000,300376.70797000005
436,7,13,Glacier Express,O,6,Mon Jan  6 11:45:26 2020,0 days 03:00:01.502947000,10801.502947
437,7,13,Glacier Express,X,6,Mon Jan  6 14:45:27 2020,1 days 21:14:59.963950000,162899.96395
438,7,13,Glacier Express,O,6,Wed Jan  8 12:00:27 2020,0 days 02:44:59.042445000,9899.042445000001
439,7,13,Glacier Express,X,6,Wed Jan  8 14:45:26 2020,0 days 18:59:59.750484000,68399.750484
440,7,13,Glacier Express,O,6,Thu Jan  9 09:45:26 2020,0 days 05:00:00.228111000,18000.228111
441,7,13,Glacier Express,X,6,Thu Jan  9 14:45:26 2020,0 days 19:14:59.421993000,69299.42199300001
442,7,13,Glacier Express,O,6,Fri Jan 10 10:00:26 2020,0 days 04:45:00.508765000,17100.508765000002
443,7,13,Glacier Express,X,6,Fri Jan 10 14:45:26 2020,0 days 18:29:59.374804000,66599.374804
444,7,13,Glacier Express,O,6,Sat Jan 11 09:15:26 2020,0 days 05:30:00.376921000,19800.376921000003
445,7,13,Glacier Express,X,6,Sat Jan 11 14:45:26 2020,0 days 19:14:59.716274000,69299.716274
446,7,13,Glacier Express,O,6,Sun Jan 12 10:00:26 2020,0 days 04:44:59.749960000,17099.74996
447,7,13,Glacier Express,X,6,Sun Jan 12 14:45:25 2020,0 days 02:30:04.234886000,9004.234886
308,8,13,Excelerator Express,X,6,Fri Jan  3 00:19:09 2020,0 days 07:29:59.217251000,26999.217251000002
309,8,13,Excelerator Express,H,6,Fri Jan  3 07:49:08 2020,0 days 00:59:59.955929000,3599.955929
310,8,13,Excelerator Express,O,6,Fri Jan  3 08:49:08 2020,0 days 06:30:00.075907000,23400.075907000002
311,8,13,Excelerator Express,X,6,Fri Jan  3 15:19:08 2020,0 days 17:00:00.490553000,61200.490553
312,8,13,Excelerator Express,H,6,Sat Jan  4 08:19:09 2020,0 days 00:30:00.315220000,1800.3152200000002
313,8,13,Excelerator Express,O,6,Sat Jan  4 08:49:09 2020,0 days 06:29:59.194065000,23399.194065
314,8,13,Excelerator Express,X,6,Sat Jan  4 15:19:08 2020,0 days 16:29:59.800197000,59399.800197000004
315,8,13,Excelerator Express,H,6,Sun Jan  5 07:49:08 2020,0 days 00:30:00.082044000,1800.0820440000002
316,8,13,Excelerator Express,O,6,Sun Jan  5 08:19:08 2020,0 days 06:59:59.921145000,25199.921145
317,8,13,Excelerator Express,X,6,Sun Jan  5 15:19:08 2020,0 days 16:41:20.253036000,60080.253036
318,8,13,Excelerator Express,H,6,Mon Jan  6 08:00:28 2020,0 days 00:30:00.210025000,1800.210025
319,8,13,Excelerator Express,O,6,Mon Jan  6 08:30:29 2020,0 days 06:44:56.861770000,24296.861770000003
320,8,13,Excelerator Express,X,6,Mon Jan  6 15:15:26 2020,0 days 16:30:00.645198000,59400.645198000006
321,8,13,Excelerator Express,H,6,Tue Jan  7 07:45:26 2020,0 days 00:44:59.583076000,2699.5830760000003
322,8,13,Excelerator Express,O,6,Tue Jan  7 08:30:26 2020,0 days 06:45:00.203599000,24300.203599
323,8,13,Excelerator Express,X,6,Tue Jan  7 15:15:26 2020,0 days 16:29:59.999299000,59399.999299
324,8,13,Excelerator Express,H,6,Wed Jan  8 07:45:26 2020,0 days 00:45:00.182603000,2700.182603
325,8,13,Excelerator Express,O,6,Wed Jan  8 08:30:26 2020,0 days 06:45:00.593303000,24300.593303
326,8,13,Excelerator Express,X,6,Wed Jan  8 15:15:27 2020,0 days 16:29:59.502665000,59399.50266500001
327,8,13,Excelerator Express,H,6,Thu Jan  9 07:45:26 2020,0 days 00:45:00.012735000,2700.0127350000002
328,8,13,Excelerator Express,O,6,Thu Jan  9 08:30:26 2020,0 days 06:45:00.177602000,24300.177602
329,8,13,Excelerator Express,X,6,Thu Jan  9 15:15:26 2020,0 days 16:29:59.441410000,59399.44141000001
330,8,13,Excelerator Express,H,6,Fri Jan 10 07:45:26 2020,0 days 00:44:59.829894000,2699.829894
331,8,13,Excelerator Express,O,6,Fri Jan 10 08:30:26 2020,0 days 06:45:00.093875000,24300.093875000002
332,8,13,Excelerator Express,X,6,Fri Jan 10 15:15:26 2020,0 days 16:30:00.262163000,59400.26216300001
333,8,13,Excelerator Express,H,6,Sat Jan 11 07:45:26 2020,0 days 00:30:04.092417000,1804.092417
334,8,13,Excelerator Express,O,6,Sat Jan 11 08:15:30 2020,0 days 06:59:55.821512000,25195.821512000002
335,8,13,Excelerator Express,X,6,Sat Jan 11 15:15:26 2020,0 days 16:29:59.883415000,59399.883415000004
336,8,13,Excelerator Express,H,6,Sun Jan 12 07:45:26 2020,0 days 00:30:00.341306000,1800.341306
337,8,13,Excelerator Express,O,6,Sun Jan 12 08:15:26 2020,0 days 06:59:59.933867000,25199.933867000003
338,8,13,Excelerator Express,X,6,Sun Jan 12 15:15:26 2020,0 days 02:00:03.602429000,7203.6024290000005
112,9,13,Catskinner Express,X,4,Fri Jan  3 00:19:09 2020,0 days 07:29:59.217251000,26999.217251000002
113,9,13,Catskinner Express,H,4,Fri Jan  3 07:49:08 2020,0 days 07:00:00.957402000,25200.957402
114,9,13,Catskinner Express,X,4,Fri Jan  3 14:49:09 2020,0 days 18:29:59.313435000,66599.313435
115,9,13,Catskinner Express,O,4,Sat Jan  4 09:19:09 2020,0 days 05:59:59.760837000,21599.760837
116,9,13,Catskinner Express,X,4,Sat Jan  4 15:19:08 2020,0 days 16:29:59.800197000,59399.800197000004
117,9,13,Catskinner Express,H,4,Sun Jan  5 07:49:08 2020,0 days 01:00:01.872834000,3601.8728340000002
118,9,13,Catskinner Express,O,4,Sun Jan  5 08:49:10 2020,0 days 06:29:58.130355000,23398.130355
119,9,13,Catskinner Express,X,4,Sun Jan  5 15:19:08 2020,0 days 16:41:20.253036000,60080.253036
120,9,13,Catskinner Express,H,4,Mon Jan  6 08:00:28 2020,0 days 00:30:00.210025000,1800.210025
121,9,13,Catskinner Express,O,4,Mon Jan  6 08:30:29 2020,0 days 06:44:56.861770000,24296.861770000003
122,9,13,Catskinner Express,X,4,Mon Jan  6 15:15:26 2020,0 days 16:30:00.645198000,59400.645198000006
123,9,13,Catskinner Express,H,4,Tue Jan  7 07:45:26 2020,0 days 01:07:32.391719000,4052.391719
124,9,13,Catskinner Express,O,4,Tue Jan  7 08:52:59 2020,0 days 06:22:27.394956000,22947.394956
125,9,13,Catskinner Express,X,4,Tue Jan  7 15:15:26 2020,0 days 16:29:59.999299000,59399.999299
126,9,13,Catskinner Express,H,4,Wed Jan  8 07:45:26 2020,0 days 01:14:59.806921000,4499.806921
127,9,13,Catskinner Express,O,4,Wed Jan  8 09:00:26 2020,0 days 06:15:00.968985000,22500.968985000003
128,9,13,Catskinner Express,X,4,Wed Jan  8 15:15:27 2020,0 days 16:29:59.502665000,59399.50266500001
129,9,13,Catskinner Express,H,4,Thu Jan  9 07:45:26 2020,0 days 01:00:00.125306000,3600.1253060000004
130,9,13,Catskinner Express,O,4,Thu Jan  9 08:45:26 2020,0 days 06:30:00.065031000,23400.065031000002
131,9,13,Catskinner Express,X,4,Thu Jan  9 15:15:26 2020,0 days 16:29:59.441410000,59399.44141000001
132,9,13,Catskinner Express,H,4,Fri Jan 10 07:45:26 2020,0 days 00:59:59.683163000,3599.683163
133,9,13,Catskinner Express,O,4,Fri Jan 10 08:45:26 2020,0 days 06:30:00.240606000,23400.240606000003
134,9,13,Catskinner Express,X,4,Fri Jan 10 15:15:26 2020,0 days 16:30:00.262163000,59400.26216300001
135,9,13,Catskinner Express,H,4,Sat Jan 11 07:45:26 2020,0 days 00:59:59.856618000,3599.8566180000003
136,9,13,Catskinner Express,O,4,Sat Jan 11 08:45:26 2020,0 days 06:30:00.057311000,23400.057311
137,9,13,Catskinner Express,X,4,Sat Jan 11 15:15:26 2020,0 days 16:29:59.883415000,59399.883415000004
138,9,13,Catskinner Express,H,4,Sun Jan 12 07:45:26 2020,0 days 00:45:00.165019000,2700.165019
139,9,13,Catskinner Express,O,4,Sun Jan 12 08:30:26 2020,0 days 06:45:00.110154000,24300.110154
140,9,13,Catskinner Express,X,4,Sun Jan 12 15:15:26 2020,0 days 02:00:03.602429000,7203.6024290000005
192,10,13,Crystal Ridge Express,X,7,Fri Jan  3 00:19:09 2020,1 days 10:29:59.104843000,124199.10484300001
193,10,13,Crystal Ridge Express,O,7,Sat Jan  4 10:49:08 2020,0 days 03:00:00.139504000,10800.139504
194,10,13,Crystal Ridge Express,H,7,Sat Jan  4 13:49:08 2020,0 days 00:59:59.847272000,3599.8472720000004
195,10,13,Crystal Ridge Express,O,7,Sat Jan  4 14:49:08 2020,0 days 00:30:00.157306000,1800.157306
196,10,13,Crystal Ridge Express,X,7,Sat Jan  4 15:19:08 2020,0 days 18:30:00.147731000,66600.147731
197,10,13,Crystal Ridge Express,O,7,Sun Jan  5 09:49:09 2020,0 days 05:29:59.655655000,19799.655655000002
198,10,13,Crystal Ridge Express,X,7,Sun Jan  5 15:19:08 2020,0 days 17:41:17.889022000,63677.889022
199,10,13,Crystal Ridge Express,O,7,Mon Jan  6 09:00:26 2020,0 days 06:14:59.435809000,22499.435809000002
200,10,13,Crystal Ridge Express,X,7,Mon Jan  6 15:15:26 2020,0 days 18:39:39.921196000,67179.92119600001
201,10,13,Crystal Ridge Express,O,7,Tue Jan  7 09:55:05 2020,0 days 01:20:20.264524000,4820.264524
202,10,13,Crystal Ridge Express,H,7,Tue Jan  7 11:15:26 2020,0 days 00:45:00.338753000,2700.338753
203,10,13,Crystal Ridge Express,X,7,Tue Jan  7 12:00:26 2020,0 days 00:59:59.792919000,3599.7929190000004
204,10,13,Crystal Ridge Express,O,7,Tue Jan  7 13:00:26 2020,0 days 02:15:00.114481000,8100.1144810000005
205,10,13,Crystal Ridge Express,X,7,Tue Jan  7 15:15:26 2020,0 days 18:44:59.714843000,67499.71484300001
206,10,13,Crystal Ridge Express,O,7,Wed Jan  8 10:00:26 2020,0 days 05:15:01.060362000,18901.060362
207,10,13,Crystal Ridge Express,X,7,Wed Jan  8 15:15:27 2020,0 days 18:29:59.383576000,66599.38357600001
208,10,13,Crystal Ridge Express,O,7,Thu Jan  9 09:45:26 2020,0 days 05:30:00.309426000,19800.309426
209,10,13,Crystal Ridge Express,X,7,Thu Jan  9 15:15:26 2020,0 days 18:29:59.636606000,66599.636606
210,10,13,Crystal Ridge Express,O,7,Fri Jan 10 09:45:26 2020,0 days 05:29:59.728573000,19799.728573
211,10,13,Crystal Ridge Express,X,7,Fri Jan 10 15:15:26 2020,0 days 17:59:59.859068000,64799.859068000005
212,10,13,Crystal Ridge Express,O,7,Sat Jan 11 09:15:26 2020,0 days 06:00:00.317024000,21600.317024
213,10,13,Crystal Ridge Express,X,7,Sat Jan 11 15:15:26 2020,0 days 17:59:59.648055000,64799.648055000005
214,10,13,Crystal Ridge Express,O,7,Sun Jan 12 09:15:26 2020,0 days 06:00:00.510533000,21600.510533
215,10,13,Crystal Ridge Express,X,7,Sun Jan 12 15:15:26 2020,0 days 02:00:03.602429000,7203.6024290000005
451,11,13,Horstman T-Bar,X,4,Fri Jan  3 00:19:09 2020,9 days 16:56:20.579510000,838580.5795100001
568,12,13,Showcase T-Bar,X,3,Fri Jan  3 00:19:09 2020,9 days 16:56:20.579510000,838580.5795100001
141,14,13,Coca-Cola Tube Park,X,4,Fri Jan  3 00:19:09 2020,0 days 10:00:00.190877000,36000.190877
142,14,13,Coca-Cola Tube Park,O,4,Fri Jan  3 10:19:09 2020,0 days 07:59:59.797952000,28799.797952
143,14,13,Coca-Cola Tube Park,X,4,Fri Jan  3 18:19:09 2020,0 days 15:59:59.601306000,57599.601306000004
144,14,13,Coca-Cola Tube Park,O,4,Sat Jan  4 10:19:09 2020,0 days 08:00:00.259067000,28800.259067000003
145,14,13,Coca-Cola Tube Park,X,4,Sat Jan  4 18:19:09 2020,0 days 16:07:18.608517000,58038.608517
146,14,13,Coca-Cola Tube Park,O,4,Sun Jan  5 10:26:28 2020,0 days 07:52:42.077487000,28362.077487000002
147,14,13,Coca-Cola Tube Park,X,4,Sun Jan  5 18:19:10 2020,0 days 16:41:16.377622000,60076.37762200001
148,14,13,Coca-Cola Tube Park,O,4,Mon Jan  6 11:00:26 2020,0 days 07:14:59.888697000,26099.888697000002
149,14,13,Coca-Cola Tube Park,X,4,Mon Jan  6 18:15:26 2020,0 days 17:15:00.011445000,62100.011445000004
150,14,13,Coca-Cola Tube Park,O,4,Tue Jan  7 11:30:26 2020,0 days 09:30:00.496814000,34200.496814000006
151,14,13,Coca-Cola Tube Park,X,4,Tue Jan  7 21:00:26 2020,0 days 14:14:59.523205000,51299.523205000005
152,14,13,Coca-Cola Tube Park,O,4,Wed Jan  8 11:15:26 2020,0 days 11:45:00.487878000,42300.487878
153,14,13,Coca-Cola Tube Park,X,4,Wed Jan  8 23:00:26 2020,0 days 12:14:59.306866000,44099.306866000006
154,14,13,Coca-Cola Tube Park,O,4,Thu Jan  9 11:15:26 2020,0 days 07:00:00.252738000,25200.252738000003
155,14,13,Coca-Cola Tube Park,X,4,Thu Jan  9 18:15:26 2020,0 days 17:00:00.165252000,61200.165252000006
156,14,13,Coca-Cola Tube Park,O,4,Fri Jan 10 11:15:26 2020,0 days 06:59:59.527379000,25199.527379000003
157,14,13,Coca-Cola Tube Park,X,4,Fri Jan 10 18:15:26 2020,0 days 16:00:00.619615000,57600.619615
158,14,13,Coca-Cola Tube Park,O,4,Sat Jan 11 10:15:26 2020,0 days 07:59:59.599200000,28799.5992
159,14,13,Coca-Cola Tube Park,X,4,Sat Jan 11 18:15:26 2020,0 days 16:00:00.435155000,57600.43515500001
160,14,13,Coca-Cola Tube Park,O,4,Sun Jan 12 10:15:26 2020,0 days 07:00:03.352438000,25203.352438
543,22,13,Peak 2 Peak Gondola,X,12,Fri Jan  3 00:19:09 2020,2 days 08:59:59.619903000,205199.619903
544,22,13,Peak 2 Peak Gondola,O,12,Sun Jan  5 09:19:09 2020,0 days 05:59:59.432408000,21599.432408
545,22,13,Peak 2 Peak Gondola,X,12,Sun Jan  5 15:19:08 2020,0 days 16:41:20.253036000,60080.253036
546,22,13,Peak 2 Peak Gondola,H,12,Mon Jan  6 08:00:28 2020,0 days 01:14:57.981234000,4497.981234
547,22,13,Peak 2 Peak Gondola,O,12,Mon Jan  6 09:15:26 2020,0 days 05:59:59.090561000,21599.090561
548,22,13,Peak 2 Peak Gondola,X,12,Mon Jan  6 15:15:26 2020,0 days 16:30:00.645198000,59400.645198000006
549,22,13,Peak 2 Peak Gondola,H,12,Tue Jan  7 07:45:26 2020,0 days 01:59:59.688948000,7199.688948000001
550,22,13,Peak 2 Peak Gondola,O,12,Tue Jan  7 09:45:26 2020,0 days 05:30:00.097727000,19800.097727
551,22,13,Peak 2 Peak Gondola,X,12,Tue Jan  7 15:15:26 2020,0 days 16:45:04.725536000,60304.725536000005
552,22,13,Peak 2 Peak Gondola,H,12,Wed Jan  8 08:00:31 2020,0 days 01:59:54.989307000,7194.989307000001
553,22,13,Peak 2 Peak Gondola,O,12,Wed Jan  8 10:00:26 2020,0 days 05:15:01.060362000,18901.060362
554,22,13,Peak 2 Peak Gondola,X,12,Wed Jan  8 15:15:27 2020,0 days 16:29:59.502665000,59399.50266500001
555,22,13,Peak 2 Peak Gondola,H,12,Thu Jan  9 07:45:26 2020,0 days 01:29:59.869552000,5399.869552
556,22,13,Peak 2 Peak Gondola,O,12,Thu Jan  9 09:15:26 2020,0 days 06:00:00.320785000,21600.320785
557,22,13,Peak 2 Peak Gondola,X,12,Thu Jan  9 15:15:26 2020,0 days 16:29:59.441410000,59399.44141000001
558,22,13,Peak 2 Peak Gondola,H,12,Fri Jan 10 07:45:26 2020,0 days 01:29:59.855501000,5399.855501
559,22,13,Peak 2 Peak Gondola,O,12,Fri Jan 10 09:15:26 2020,0 days 06:00:00.068268000,21600.068268000003
560,22,13,Peak 2 Peak Gondola,X,12,Fri Jan 10 15:15:26 2020,0 days 16:30:00.262163000,59400.26216300001
561,22,13,Peak 2 Peak Gondola,H,12,Sat Jan 11 07:45:26 2020,0 days 01:44:59.625551000,6299.625551
562,22,13,Peak 2 Peak Gondola,O,12,Sat Jan 11 09:30:26 2020,0 days 05:45:00.288378000,20700.288378
563,22,13,Peak 2 Peak Gondola,X,12,Sat Jan 11 15:15:26 2020,0 days 16:29:59.883415000,59399.883415000004
564,22,13,Peak 2 Peak Gondola,H,12,Sun Jan 12 07:45:26 2020,0 days 01:15:00.403161000,4500.403161
565,22,13,Peak 2 Peak Gondola,O,12,Sun Jan 12 09:00:26 2020,0 days 06:14:59.872012000,22499.872012
566,22,13,Peak 2 Peak Gondola,X,12,Sun Jan 12 15:15:26 2020,0 days 02:00:03.602429000,7203.6024290000005
579,33,13,Whistler Village Gondola Lower,X,5,Fri Jan  3 00:19:09 2020,0 days 07:29:59.217251000,26999.217251000002
580,33,13,Whistler Village Gondola Lower,H,5,Fri Jan  3 07:49:08 2020,0 days 01:30:00.518959000,5400.518959
581,33,13,Whistler Village Gondola Lower,O,5,Fri Jan  3 09:19:09 2020,0 days 05:30:00.438443000,19800.438443000003
582,33,13,Whistler Village Gondola Lower,H,5,Fri Jan  3 14:49:09 2020,0 days 00:29:59.074434000,1799.074434
583,33,13,Whistler Village Gondola Lower,X,5,Fri Jan  3 15:19:08 2020,0 days 17:00:00.490553000,61200.490553
584,33,13,Whistler Village Gondola Lower,H,5,Sat Jan  4 08:19:09 2020,0 days 00:30:00.315220000,1800.3152200000002
585,33,13,Whistler Village Gondola Lower,O,5,Sat Jan  4 08:49:09 2020,0 days 06:29:59.194065000,23399.194065
586,33,13,Whistler Village Gondola Lower,X,5,Sat Jan  4 15:19:08 2020,0 days 16:29:59.800197000,59399.800197000004
587,33,13,Whistler Village Gondola Lower,H,5,Sun Jan  5 07:49:08 2020,0 days 00:30:00.082044000,1800.0820440000002
588,33,13,Whistler Village Gondola Lower,O,5,Sun Jan  5 08:19:08 2020,0 days 06:59:59.921145000,25199.921145
589,33,13,Whistler Village Gondola Lower,X,5,Sun Jan  5 15:19:08 2020,0 days 16:41:20.253036000,60080.253036
590,33,13,Whistler Village Gondola Lower,H,5,Mon Jan  6 08:00:28 2020,0 days 00:30:00.210025000,1800.210025
591,33,13,Whistler Village Gondola Lower,O,5,Mon Jan  6 08:30:29 2020,0 days 06:44:56.861770000,24296.861770000003
592,33,13,Whistler Village Gondola Lower,X,5,Mon Jan  6 15:15:26 2020,0 days 16:30:00.645198000,59400.645198000006
593,33,13,Whistler Village Gondola Lower,H,5,Tue Jan  7 07:45:26 2020,0 days 00:59:59.573200000,3599.5732000000003
594,33,13,Whistler Village Gondola Lower,O,5,Tue Jan  7 08:45:26 2020,0 days 06:30:00.213475000,23400.213475
595,33,13,Whistler Village Gondola Lower,X,5,Tue Jan  7 15:15:26 2020,0 days 16:29:59.999299000,59399.999299
596,33,13,Whistler Village Gondola Lower,H,5,Wed Jan  8 07:45:26 2020,0 days 00:45:00.182603000,2700.182603
597,33,13,Whistler Village Gondola Lower,O,5,Wed Jan  8 08:30:26 2020,0 days 06:45:00.593303000,24300.593303
598,33,13,Whistler Village Gondola Lower,X,5,Wed Jan  8 15:15:27 2020,0 days 16:29:59.502665000,59399.50266500001
599,33,13,Whistler Village Gondola Lower,H,5,Thu Jan  9 07:45:26 2020,0 days 00:45:00.012735000,2700.0127350000002
600,33,13,Whistler Village Gondola Lower,O,5,Thu Jan  9 08:30:26 2020,0 days 06:45:00.177602000,24300.177602
601,33,13,Whistler Village Gondola Lower,X,5,Thu Jan  9 15:15:26 2020,0 days 16:29:59.441410000,59399.44141000001
602,33,13,Whistler Village Gondola Lower,H,5,Fri Jan 10 07:45:26 2020,0 days 00:44:59.829894000,2699.829894
603,33,13,Whistler Village Gondola Lower,O,5,Fri Jan 10 08:30:26 2020,0 days 06:45:00.093875000,24300.093875000002
604,33,13,Whistler Village Gondola Lower,X,5,Fri Jan 10 15:15:26 2020,0 days 16:30:00.262163000,59400.26216300001
605,33,13,Whistler Village Gondola Lower,H,5,Sat Jan 11 07:45:26 2020,0 days 00:30:04.092417000,1804.092417
606,33,13,Whistler Village Gondola Lower,O,5,Sat Jan 11 08:15:30 2020,0 days 06:59:55.821512000,25195.821512000002
607,33,13,Whistler Village Gondola Lower,X,5,Sat Jan 11 15:15:26 2020,0 days 16:29:59.883415000,59399.883415000004
608,33,13,Whistler Village Gondola Lower,H,5,Sun Jan 12 07:45:26 2020,0 days 00:30:00.341306000,1800.341306
609,33,13,Whistler Village Gondola Lower,O,5,Sun Jan 12 08:15:26 2020,0 days 06:59:59.933867000,25199.933867000003
610,33,13,Whistler Village Gondola Lower,X,5,Sun Jan 12 15:15:26 2020,0 days 02:00:03.602429000,7203.6024290000005
161,34,13,Creekside Gondola,X,7,Fri Jan  3 00:19:09 2020,0 days 07:29:59.217251000,26999.217251000002
162,34,13,Creekside Gondola,H,7,Fri Jan  3 07:49:08 2020,0 days 01:30:00.518959000,5400.518959
163,34,13,Creekside Gondola,O,7,Fri Jan  3 09:19:09 2020,0 days 05:59:59.512877000,21599.512877
164,34,13,Creekside Gondola,X,7,Fri Jan  3 15:19:08 2020,0 days 17:00:00.490553000,61200.490553
165,34,13,Creekside Gondola,H,7,Sat Jan  4 08:19:09 2020,0 days 00:30:00.315220000,1800.3152200000002
166,34,13,Creekside Gondola,O,7,Sat Jan  4 08:49:09 2020,0 days 06:29:59.194065000,23399.194065
167,34,13,Creekside Gondola,X,7,Sat Jan  4 15:19:08 2020,0 days 16:29:59.800197000,59399.800197000004
168,34,13,Creekside Gondola,H,7,Sun Jan  5 07:49:08 2020,0 days 00:30:00.082044000,1800.0820440000002
169,34,13,Creekside Gondola,O,7,Sun Jan  5 08:19:08 2020,0 days 06:59:59.921145000,25199.921145
170,34,13,Creekside Gondola,X,7,Sun Jan  5 15:19:08 2020,0 days 16:41:20.253036000,60080.253036
171,34,13,Creekside Gondola,H,7,Mon Jan  6 08:00:28 2020,0 days 00:30:00.210025000,1800.210025
172,34,13,Creekside Gondola,O,7,Mon Jan  6 08:30:29 2020,0 days 06:44:56.861770000,24296.861770000003
173,34,13,Creekside Gondola,X,7,Mon Jan  6 15:15:26 2020,0 days 16:30:00.645198000,59400.645198000006
174,34,13,Creekside Gondola,H,7,Tue Jan  7 07:45:26 2020,0 days 00:59:59.573200000,3599.5732000000003
175,34,13,Creekside Gondola,O,7,Tue Jan  7 08:45:26 2020,0 days 06:30:00.213475000,23400.213475
176,34,13,Creekside Gondola,X,7,Tue Jan  7 15:15:26 2020,0 days 16:29:59.999299000,59399.999299
177,34,13,Creekside Gondola,H,7,Wed Jan  8 07:45:26 2020,0 days 00:45:00.182603000,2700.182603
178,34,13,Creekside Gondola,O,7,Wed Jan  8 08:30:26 2020,0 days 06:45:00.593303000,24300.593303
179,34,13,Creekside Gondola,X,7,Wed Jan  8 15:15:27 2020,0 days 16:29:59.502665000,59399.50266500001
180,34,13,Creekside Gondola,H,7,Thu Jan  9 07:45:26 2020,0 days 00:45:00.012735000,2700.0127350000002
181,34,13,Creekside Gondola,O,7,Thu Jan  9 08:30:26 2020,0 days 06:45:00.177602000,24300.177602
182,34,13,Creekside Gondola,X,7,Thu Jan  9 15:15:26 2020,0 days 16:29:59.441410000,59399.44141000001
183,34,13,Creekside Gondola,H,7,Fri Jan 10 07:45:26 2020,0 days 00:44:59.829894000,2699.829894
184,34,13,Creekside Gondola,O,7,Fri Jan 10 08:30:26 2020,0 days 06:45:00.093875000,24300.093875000002
185,34,13,Creekside Gondola,X,7,Fri Jan 10 15:15:26 2020,0 days 16:30:00.262163000,59400.26216300001
186,34,13,Creekside Gondola,H,7,Sat Jan 11 07:45:26 2020,0 days 00:30:04.092417000,1804.092417
187,34,13,Creekside Gondola,O,7,Sat Jan 11 08:15:30 2020,0 days 06:59:55.821512000,25195.821512000002
188,34,13,Creekside Gondola,X,7,Sat Jan 11 15:15:26 2020,0 days 16:29:59.883415000,59399.883415000004
189,34,13,Creekside Gondola,H,7,Sun Jan 12 07:45:26 2020,0 days 00:30:00.341306000,1800.341306
190,34,13,Creekside Gondola,O,7,Sun Jan 12 08:15:26 2020,0 days 06:59:59.933867000,25199.933867000003
191,34,13,Creekside Gondola,X,7,Sun Jan 12 15:15:26 2020,0 days 02:00:03.602429000,7203.6024290000005
216,35,13,Emerald 6 Express,X,6,Fri Jan  3 00:19:09 2020,0 days 07:29:59.217251000,26999.217251000002
217,35,13,Emerald 6 Express,H,6,Fri Jan  3 07:49:08 2020,0 days 01:30:00.518959000,5400.518959
218,35,13,Emerald 6 Express,O,6,Fri Jan  3 09:19:09 2020,0 days 05:59:59.512877000,21599.512877
219,35,13,Emerald 6 Express,X,6,Fri Jan  3 15:19:08 2020,0 days 17:00:00.490553000,61200.490553
220,35,13,Emerald 6 Express,H,6,Sat Jan  4 08:19:09 2020,0 days 00:30:00.315220000,1800.3152200000002
221,35,13,Emerald 6 Express,O,6,Sat Jan  4 08:49:09 2020,0 days 06:29:59.194065000,23399.194065
222,35,13,Emerald 6 Express,X,6,Sat Jan  4 15:19:08 2020,0 days 16:29:59.800197000,59399.800197000004
223,35,13,Emerald 6 Express,H,6,Sun Jan  5 07:49:08 2020,0 days 00:30:00.082044000,1800.0820440000002
224,35,13,Emerald 6 Express,O,6,Sun Jan  5 08:19:08 2020,0 days 06:59:59.921145000,25199.921145
225,35,13,Emerald 6 Express,X,6,Sun Jan  5 15:19:08 2020,0 days 16:41:20.253036000,60080.253036
226,35,13,Emerald 6 Express,H,6,Mon Jan  6 08:00:28 2020,0 days 00:44:57.319780000,2697.3197800000003
227,35,13,Emerald 6 Express,O,6,Mon Jan  6 08:45:26 2020,0 days 06:29:59.752015000,23399.752015000002
228,35,13,Emerald 6 Express,X,6,Mon Jan  6 15:15:26 2020,0 days 16:30:00.645198000,59400.645198000006
229,35,13,Emerald 6 Express,H,6,Tue Jan  7 07:45:26 2020,0 days 00:59:59.573200000,3599.5732000000003
230,35,13,Emerald 6 Express,O,6,Tue Jan  7 08:45:26 2020,0 days 06:30:00.213475000,23400.213475
231,35,13,Emerald 6 Express,X,6,Tue Jan  7 15:15:26 2020,0 days 16:29:59.999299000,59399.999299
232,35,13,Emerald 6 Express,H,6,Wed Jan  8 07:45:26 2020,0 days 00:30:00.372802000,1800.372802
233,35,13,Emerald 6 Express,O,6,Wed Jan  8 08:15:26 2020,0 days 07:00:00.403104000,25200.403104
234,35,13,Emerald 6 Express,X,6,Wed Jan  8 15:15:27 2020,0 days 16:29:59.502665000,59399.50266500001
235,35,13,Emerald 6 Express,H,6,Thu Jan  9 07:45:26 2020,0 days 00:45:00.012735000,2700.0127350000002
236,35,13,Emerald 6 Express,O,6,Thu Jan  9 08:30:26 2020,0 days 06:45:00.177602000,24300.177602
237,35,13,Emerald 6 Express,X,6,Thu Jan  9 15:15:26 2020,0 days 16:29:59.441410000,59399.44141000001
238,35,13,Emerald 6 Express,H,6,Fri Jan 10 07:45:26 2020,0 days 00:29:59.967619000,1799.967619
239,35,13,Emerald 6 Express,O,6,Fri Jan 10 08:15:26 2020,0 days 06:59:59.956150000,25199.95615
240,35,13,Emerald 6 Express,X,6,Fri Jan 10 15:15:26 2020,0 days 16:30:00.262163000,59400.26216300001
241,35,13,Emerald 6 Express,H,6,Sat Jan 11 07:45:26 2020,0 days 00:30:04.092417000,1804.092417
242,35,13,Emerald 6 Express,O,6,Sat Jan 11 08:15:30 2020,0 days 06:59:55.821512000,25195.821512000002
243,35,13,Emerald 6 Express,X,6,Sat Jan 11 15:15:26 2020,0 days 16:29:59.883415000,59399.883415000004
244,35,13,Emerald 6 Express,H,6,Sun Jan 12 07:45:26 2020,0 days 00:30:00.341306000,1800.341306
245,35,13,Emerald 6 Express,O,6,Sun Jan 12 08:15:26 2020,0 days 06:59:59.933867000,25199.933867000003
246,35,13,Emerald 6 Express,X,6,Sun Jan 12 15:15:26 2020,0 days 02:00:03.602429000,7203.6024290000005
20,36,13,Big Red Express,X,8,Fri Jan  3 00:19:09 2020,0 days 07:29:59.217251000,26999.217251000002
21,36,13,Big Red Express,H,8,Fri Jan  3 07:49:08 2020,0 days 01:30:00.518959000,5400.518959
22,36,13,Big Red Express,O,8,Fri Jan  3 09:19:09 2020,0 days 05:59:59.512877000,21599.512877
23,36,13,Big Red Express,X,8,Fri Jan  3 15:19:08 2020,0 days 17:00:00.490553000,61200.490553
24,36,13,Big Red Express,H,8,Sat Jan  4 08:19:09 2020,0 days 00:30:00.315220000,1800.3152200000002
25,36,13,Big Red Express,O,8,Sat Jan  4 08:49:09 2020,0 days 06:29:59.194065000,23399.194065
26,36,13,Big Red Express,X,8,Sat Jan  4 15:19:08 2020,0 days 16:29:59.800197000,59399.800197000004
27,36,13,Big Red Express,H,8,Sun Jan  5 07:49:08 2020,0 days 00:30:00.082044000,1800.0820440000002
28,36,13,Big Red Express,O,8,Sun Jan  5 08:19:08 2020,0 days 06:59:59.921145000,25199.921145
29,36,13,Big Red Express,X,8,Sun Jan  5 15:19:08 2020,0 days 16:41:20.253036000,60080.253036
30,36,13,Big Red Express,H,8,Mon Jan  6 08:00:28 2020,0 days 00:14:57.409827000,897.4098270000001
31,36,13,Big Red Express,O,8,Mon Jan  6 08:15:26 2020,0 days 06:59:59.661968000,25199.661968
32,36,13,Big Red Express,X,8,Mon Jan  6 15:15:26 2020,0 days 16:30:00.645198000,59400.645198000006
33,36,13,Big Red Express,H,8,Tue Jan  7 07:45:26 2020,0 days 00:59:59.573200000,3599.5732000000003
34,36,13,Big Red Express,O,8,Tue Jan  7 08:45:26 2020,0 days 06:30:00.213475000,23400.213475
35,36,13,Big Red Express,X,8,Tue Jan  7 15:15:26 2020,0 days 16:29:59.999299000,59399.999299
36,36,13,Big Red Express,H,8,Wed Jan  8 07:45:26 2020,0 days 00:30:00.372802000,1800.372802
37,36,13,Big Red Express,O,8,Wed Jan  8 08:15:26 2020,0 days 00:14:59.809801000,899.8098010000001
38,36,13,Big Red Express,H,8,Wed Jan  8 08:30:26 2020,0 days 01:29:59.532941000,5399.532941
39,36,13,Big Red Express,O,8,Wed Jan  8 10:00:26 2020,0 days 05:15:01.060362000,18901.060362
40,36,13,Big Red Express,X,8,Wed Jan  8 15:15:27 2020,0 days 16:29:59.502665000,59399.50266500001
41,36,13,Big Red Express,H,8,Thu Jan  9 07:45:26 2020,0 days 00:45:00.012735000,2700.0127350000002
42,36,13,Big Red Express,O,8,Thu Jan  9 08:30:26 2020,0 days 06:45:00.177602000,24300.177602
43,36,13,Big Red Express,X,8,Thu Jan  9 15:15:26 2020,0 days 16:29:59.441410000,59399.44141000001
44,36,13,Big Red Express,H,8,Fri Jan 10 07:45:26 2020,0 days 00:29:59.967619000,1799.967619
45,36,13,Big Red Express,O,8,Fri Jan 10 08:15:26 2020,0 days 06:59:59.956150000,25199.95615
46,36,13,Big Red Express,X,8,Fri Jan 10 15:15:26 2020,0 days 16:30:00.262163000,59400.26216300001
47,36,13,Big Red Express,H,8,Sat Jan 11 07:45:26 2020,0 days 00:30:04.092417000,1804.092417
48,36,13,Big Red Express,O,8,Sat Jan 11 08:15:30 2020,0 days 06:59:55.821512000,25195.821512000002
49,36,13,Big Red Express,X,8,Sat Jan 11 15:15:26 2020,0 days 16:29:59.883415000,59399.883415000004
50,36,13,Big Red Express,H,8,Sun Jan 12 07:45:26 2020,0 days 00:30:00.341306000,1800.341306
51,36,13,Big Red Express,O,8,Sun Jan 12 08:15:26 2020,0 days 06:59:59.933867000,25199.933867000003
52,36,13,Big Red Express,X,8,Sun Jan 12 15:15:26 2020,0 days 02:00:03.602429000,7203.6024290000005
448,37,13,Harmony 6 Express,X,6,Fri Jan  3 00:19:09 2020,9 days 12:41:16.925400000,823276.9254000001
449,37,13,Harmony 6 Express,O,6,Sun Jan 12 13:00:26 2020,0 days 01:44:59.419224000,6299.419224
450,37,13,Harmony 6 Express,X,6,Sun Jan 12 14:45:25 2020,0 days 02:30:04.234886000,9004.234886
513,39,13,Olympic Chair,X,5,Fri Jan  3 00:19:09 2020,0 days 07:29:59.217251000,26999.217251000002
514,39,13,Olympic Chair,H,5,Fri Jan  3 07:49:08 2020,0 days 02:00:00.154644000,7200.154644
515,39,13,Olympic Chair,O,5,Fri Jan  3 09:49:09 2020,0 days 05:29:59.877192000,19799.877192
516,39,13,Olympic Chair,X,5,Fri Jan  3 15:19:08 2020,0 days 17:00:00.490553000,61200.490553
517,39,13,Olympic Chair,H,5,Sat Jan  4 08:19:09 2020,0 days 01:29:59.192153000,5399.192153
518,39,13,Olympic Chair,O,5,Sat Jan  4 09:49:08 2020,0 days 05:30:00.317132000,19800.317132
519,39,13,Olympic Chair,X,5,Sat Jan  4 15:19:08 2020,0 days 16:29:59.800197000,59399.800197000004
520,39,13,Olympic Chair,H,5,Sun Jan  5 07:49:08 2020,0 days 02:30:00.222662000,9000.222662
521,39,13,Olympic Chair,O,5,Sun Jan  5 10:19:08 2020,0 days 04:59:59.780527000,17999.780527000003
522,39,13,Olympic Chair,X,5,Sun Jan  5 15:19:08 2020,0 days 16:41:20.253036000,60080.253036
523,39,13,Olympic Chair,H,5,Mon Jan  6 08:00:28 2020,0 days 01:14:57.981234000,4497.981234
524,39,13,Olympic Chair,O,5,Mon Jan  6 09:15:26 2020,0 days 05:59:59.090561000,21599.090561
525,39,13,Olympic Chair,X,5,Mon Jan  6 15:15:26 2020,0 days 16:30:00.645198000,59400.645198000006
526,39,13,Olympic Chair,H,5,Tue Jan  7 07:45:26 2020,0 days 02:44:59.417070000,9899.417070000001
527,39,13,Olympic Chair,O,5,Tue Jan  7 10:30:26 2020,0 days 04:45:00.369605000,17100.369605
528,39,13,Olympic Chair,X,5,Tue Jan  7 15:15:26 2020,0 days 16:29:59.999299000,59399.999299
529,39,13,Olympic Chair,H,5,Wed Jan  8 07:45:26 2020,0 days 02:30:00.356321000,9000.356321000001
530,39,13,Olympic Chair,O,5,Wed Jan  8 10:15:26 2020,0 days 05:00:00.419585000,18000.419585
531,39,13,Olympic Chair,X,5,Wed Jan  8 15:15:27 2020,0 days 16:29:59.502665000,59399.50266500001
532,39,13,Olympic Chair,H,5,Thu Jan  9 07:45:26 2020,0 days 01:44:59.836651000,6299.8366510000005
533,39,13,Olympic Chair,O,5,Thu Jan  9 09:30:26 2020,0 days 05:45:00.353686000,20700.353686000002
534,39,13,Olympic Chair,X,5,Thu Jan  9 15:15:26 2020,0 days 17:59:59.296911000,64799.296911000005
535,39,13,Olympic Chair,O,5,Fri Jan 10 09:15:26 2020,0 days 06:00:00.068268000,21600.068268000003
536,39,13,Olympic Chair,X,5,Fri Jan 10 15:15:26 2020,0 days 16:30:00.262163000,59400.26216300001
537,39,13,Olympic Chair,H,5,Sat Jan 11 07:45:26 2020,0 days 01:44:59.625551000,6299.625551
538,39,13,Olympic Chair,O,5,Sat Jan 11 09:30:26 2020,0 days 05:45:00.288378000,20700.288378
539,39,13,Olympic Chair,X,5,Sat Jan 11 15:15:26 2020,0 days 16:29:59.883415000,59399.883415000004
540,39,13,Olympic Chair,H,5,Sun Jan 12 07:45:26 2020,0 days 01:29:59.764640000,5399.76464
541,39,13,Olympic Chair,O,5,Sun Jan 12 09:15:26 2020,0 days 06:00:00.510533000,21600.510533
542,39,13,Olympic Chair,X,5,Sun Jan 12 15:15:26 2020,0 days 02:00:03.602429000,7203.6024290000005
402,40,13,Garbanzo Express,X,7,Fri Jan  3 00:19:09 2020,0 days 07:29:59.217251000,26999.217251000002
403,40,13,Garbanzo Express,H,7,Fri Jan  3 07:49:08 2020,0 days 01:30:00.518959000,5400.518959
404,40,13,Garbanzo Express,O,7,Fri Jan  3 09:19:09 2020,0 days 05:59:59.512877000,21599.512877
405,40,13,Garbanzo Express,X,7,Fri Jan  3 15:19:08 2020,0 days 17:00:00.490553000,61200.490553
406,40,13,Garbanzo Express,H,7,Sat Jan  4 08:19:09 2020,0 days 00:30:00.315220000,1800.3152200000002
407,40,13,Garbanzo Express,O,7,Sat Jan  4 08:49:09 2020,0 days 06:29:59.194065000,23399.194065
408,40,13,Garbanzo Express,X,7,Sat Jan  4 15:19:08 2020,0 days 16:29:59.800197000,59399.800197000004
409,40,13,Garbanzo Express,H,7,Sun Jan  5 07:49:08 2020,0 days 00:30:00.082044000,1800.0820440000002
410,40,13,Garbanzo Express,O,7,Sun Jan  5 08:19:08 2020,0 days 06:59:59.921145000,25199.921145
411,40,13,Garbanzo Express,X,7,Sun Jan  5 15:19:08 2020,0 days 16:41:20.253036000,60080.253036
412,40,13,Garbanzo Express,H,7,Mon Jan  6 08:00:28 2020,0 days 00:14:57.409827000,897.4098270000001
413,40,13,Garbanzo Express,O,7,Mon Jan  6 08:15:26 2020,0 days 06:59:59.661968000,25199.661968
414,40,13,Garbanzo Express,X,7,Mon Jan  6 15:15:26 2020,0 days 16:30:00.645198000,59400.645198000006
415,40,13,Garbanzo Express,H,7,Tue Jan  7 07:45:26 2020,0 days 00:59:59.573200000,3599.5732000000003
416,40,13,Garbanzo Express,O,7,Tue Jan  7 08:45:26 2020,0 days 06:30:00.213475000,23400.213475
417,40,13,Garbanzo Express,X,7,Tue Jan  7 15:15:26 2020,0 days 16:29:59.999299000,59399.999299
418,40,13,Garbanzo Express,H,7,Wed Jan  8 07:45:26 2020,0 days 01:14:59.806921000,4499.806921
419,40,13,Garbanzo Express,O,7,Wed Jan  8 09:00:26 2020,0 days 00:15:00.342402000,900.3424020000001
420,40,13,Garbanzo Express,H,7,Wed Jan  8 09:15:26 2020,0 days 02:30:02.087235000,9002.087235
421,40,13,Garbanzo Express,O,7,Wed Jan  8 11:45:28 2020,0 days 03:29:58.539348000,12598.539348
422,40,13,Garbanzo Express,X,7,Wed Jan  8 15:15:27 2020,0 days 16:29:59.502665000,59399.50266500001
423,40,13,Garbanzo Express,H,7,Thu Jan  9 07:45:26 2020,0 days 00:45:00.012735000,2700.0127350000002
424,40,13,Garbanzo Express,O,7,Thu Jan  9 08:30:26 2020,0 days 06:45:00.177602000,24300.177602
425,40,13,Garbanzo Express,X,7,Thu Jan  9 15:15:26 2020,0 days 16:29:59.441410000,59399.44141000001
426,40,13,Garbanzo Express,H,7,Fri Jan 10 07:45:26 2020,0 days 00:59:59.683163000,3599.683163
427,40,13,Garbanzo Express,O,7,Fri Jan 10 08:45:26 2020,0 days 06:30:00.240606000,23400.240606000003
428,40,13,Garbanzo Express,X,7,Fri Jan 10 15:15:26 2020,0 days 16:30:00.262163000,59400.26216300001
429,40,13,Garbanzo Express,H,7,Sat Jan 11 07:45:26 2020,0 days 00:44:59.889105000,2699.889105
430,40,13,Garbanzo Express,O,7,Sat Jan 11 08:30:26 2020,0 days 06:45:00.024824000,24300.024824
431,40,13,Garbanzo Express,X,7,Sat Jan 11 15:15:26 2020,0 days 16:29:59.883415000,59399.883415000004
432,40,13,Garbanzo Express,H,7,Sun Jan 12 07:45:26 2020,0 days 00:45:00.165019000,2700.165019
433,40,13,Garbanzo Express,O,7,Sun Jan 12 08:30:26 2020,0 days 06:45:00.110154000,24300.110154
434,40,13,Garbanzo Express,X,7,Sun Jan 12 15:15:26 2020,0 days 02:00:03.602429000,7203.6024290000005
570,41,13,T-Bars,X,5,Fri Jan  3 00:19:09 2020,3 days 10:41:16.912828000,297676.91282800003
571,41,13,T-Bars,O,5,Mon Jan  6 11:00:26 2020,0 days 03:45:01.298089000,13501.298089000002
572,41,13,T-Bars,X,5,Mon Jan  6 14:45:27 2020,2 days 20:29:58.416816000,246598.416816
573,41,13,T-Bars,O,5,Thu Jan  9 11:15:26 2020,0 days 03:30:00.568174000,12600.568174
574,41,13,T-Bars,X,5,Thu Jan  9 14:45:26 2020,1 days 21:14:59.652185000,162899.652185
575,41,13,T-Bars,O,5,Sat Jan 11 12:00:26 2020,0 days 02:45:00.030298000,9900.030298000001
576,41,13,T-Bars,X,5,Sat Jan 11 14:45:26 2020,0 days 21:15:00.256558000,76500.25655800001
577,41,13,T-Bars,O,5,Sun Jan 12 12:00:26 2020,0 days 02:44:59.209676000,9899.209676
578,41,13,T-Bars,X,5,Sun Jan 12 14:45:25 2020,0 days 02:30:04.234886000,9004.234886
569,42,13,Symphony Express,X,7,Fri Jan  3 00:19:09 2020,9 days 16:56:20.579510000,838580.5795100001
567,43,13,Peak Express,X,3,Fri Jan  3 00:19:09 2020,9 days 16:56:20.579510000,838580.5795100001
369,44,13,Franz's Chair,X,8,Fri Jan  3 00:19:09 2020,0 days 07:29:59.217251000,26999.217251000002
370,44,13,Franz's Chair,H,8,Fri Jan  3 07:49:08 2020,0 days 02:00:00.154644000,7200.154644
371,44,13,Franz's Chair,O,8,Fri Jan  3 09:49:09 2020,0 days 03:29:59.675304000,12599.675304
372,44,13,Franz's Chair,H,8,Fri Jan  3 13:19:08 2020,0 days 01:30:01.127454000,5401.127454
373,44,13,Franz's Chair,X,8,Fri Jan  3 14:49:09 2020,0 days 18:59:58.757140000,68398.75714
374,44,13,Franz's Chair,O,8,Sat Jan  4 09:49:08 2020,0 days 02:30:02.117982000,9002.117982
375,44,13,Franz's Chair,H,8,Sat Jan  4 12:19:10 2020,0 days 00:29:59.182308000,1799.1823080000001
376,44,13,Franz's Chair,O,8,Sat Jan  4 12:49:09 2020,0 days 02:29:59.016842000,8999.016842
377,44,13,Franz's Chair,X,8,Sat Jan  4 15:19:08 2020,0 days 16:29:59.800197000,59399.800197000004
378,44,13,Franz's Chair,H,8,Sun Jan  5 07:49:08 2020,0 days 00:30:00.082044000,1800.0820440000002
379,44,13,Franz's Chair,O,8,Sun Jan  5 08:19:08 2020,0 days 06:59:59.921145000,25199.921145
380,44,13,Franz's Chair,X,8,Sun Jan  5 15:19:08 2020,0 days 16:41:20.253036000,60080.253036
381,44,13,Franz's Chair,H,8,Mon Jan  6 08:00:28 2020,0 days 00:44:57.319780000,2697.3197800000003
382,44,13,Franz's Chair,O,8,Mon Jan  6 08:45:26 2020,0 days 06:29:59.752015000,23399.752015000002
383,44,13,Franz's Chair,X,8,Mon Jan  6 15:15:26 2020,0 days 16:30:00.645198000,59400.645198000006
384,44,13,Franz's Chair,H,8,Tue Jan  7 07:45:26 2020,0 days 01:14:56.832998000,4496.832998
385,44,13,Franz's Chair,O,8,Tue Jan  7 09:00:23 2020,0 days 06:15:02.953677000,22502.953677
386,44,13,Franz's Chair,X,8,Tue Jan  7 15:15:26 2020,0 days 16:29:59.999299000,59399.999299
387,44,13,Franz's Chair,H,8,Wed Jan  8 07:45:26 2020,0 days 02:14:59.715544000,8099.715544000001
388,44,13,Franz's Chair,O,8,Wed Jan  8 10:00:26 2020,0 days 05:15:01.060362000,18901.060362
389,44,13,Franz's Chair,X,8,Wed Jan  8 15:15:27 2020,0 days 16:29:59.502665000,59399.50266500001
390,44,13,Franz's Chair,H,8,Thu Jan  9 07:45:26 2020,0 days 01:29:59.869552000,5399.869552
391,44,13,Franz's Chair,O,8,Thu Jan  9 09:15:26 2020,0 days 06:00:00.320785000,21600.320785
392,44,13,Franz's Chair,X,8,Thu Jan  9 15:15:26 2020,0 days 16:29:59.441410000,59399.44141000001
393,44,13,Franz's Chair,H,8,Fri Jan 10 07:45:26 2020,0 days 02:30:00.381660000,9000.381660000001
394,44,13,Franz's Chair,O,8,Fri Jan 10 10:15:26 2020,0 days 04:59:59.542109000,17999.542109
395,44,13,Franz's Chair,X,8,Fri Jan 10 15:15:26 2020,0 days 16:30:00.262163000,59400.26216300001
396,44,13,Franz's Chair,H,8,Sat Jan 11 07:45:26 2020,0 days 01:29:59.596905000,5399.596905
397,44,13,Franz's Chair,O,8,Sat Jan 11 09:15:26 2020,0 days 06:00:00.317024000,21600.317024
398,44,13,Franz's Chair,X,8,Sat Jan 11 15:15:26 2020,0 days 16:29:59.883415000,59399.883415000004
399,44,13,Franz's Chair,H,8,Sun Jan 12 07:45:26 2020,0 days 01:15:00.403161000,4500.403161
400,44,13,Franz's Chair,O,8,Sun Jan 12 09:00:26 2020,0 days 06:14:59.872012000,22499.872012
401,44,13,Franz's Chair,X,8,Sun Jan 12 15:15:26 2020,0 days 02:00:03.602429000,7203.6024290000005
339,45,13,Fitzsimmons Express,X,6,Fri Jan  3 00:19:09 2020,0 days 07:29:59.217251000,26999.217251000002
340,45,13,Fitzsimmons Express,H,6,Fri Jan  3 07:49:08 2020,0 days 01:30:00.518959000,5400.518959
341,45,13,Fitzsimmons Express,O,6,Fri Jan  3 09:19:09 2020,0 days 05:59:59.512877000,21599.512877
342,45,13,Fitzsimmons Express,X,6,Fri Jan  3 15:19:08 2020,0 days 17:00:00.490553000,61200.490553
343,45,13,Fitzsimmons Express,H,6,Sat Jan  4 08:19:09 2020,0 days 00:30:00.315220000,1800.3152200000002
344,45,13,Fitzsimmons Express,O,6,Sat Jan  4 08:49:09 2020,0 days 06:29:59.194065000,23399.194065
345,45,13,Fitzsimmons Express,X,6,Sat Jan  4 15:19:08 2020,0 days 16:29:59.800197000,59399.800197000004
346,45,13,Fitzsimmons Express,H,6,Sun Jan  5 07:49:08 2020,0 days 00:30:00.082044000,1800.0820440000002
347,45,13,Fitzsimmons Express,O,6,Sun Jan  5 08:19:08 2020,0 days 06:29:59.786837000,23399.786837
348,45,13,Fitzsimmons Express,X,6,Sun Jan  5 14:49:08 2020,0 days 17:11:20.387344000,61880.387344
349,45,13,Fitzsimmons Express,H,6,Mon Jan  6 08:00:28 2020,0 days 00:30:00.210025000,1800.210025
350,45,13,Fitzsimmons Express,O,6,Mon Jan  6 08:30:29 2020,0 days 05:59:57.315989000,21597.315989000002
351,45,13,Fitzsimmons Express,X,6,Mon Jan  6 14:30:26 2020,0 days 17:15:00.190979000,62100.190979000006
352,45,13,Fitzsimmons Express,H,6,Tue Jan  7 07:45:26 2020,0 days 00:59:59.573200000,3599.5732000000003
353,45,13,Fitzsimmons Express,O,6,Tue Jan  7 08:45:26 2020,0 days 06:30:00.213475000,23400.213475
354,45,13,Fitzsimmons Express,X,6,Tue Jan  7 15:15:26 2020,0 days 16:29:59.999299000,59399.999299
355,45,13,Fitzsimmons Express,H,6,Wed Jan  8 07:45:26 2020,0 days 00:59:59.964893000,3599.9648930000003
356,45,13,Fitzsimmons Express,O,6,Wed Jan  8 08:45:26 2020,0 days 04:30:00.445862000,16200.445862
357,45,13,Fitzsimmons Express,X,6,Wed Jan  8 13:15:26 2020,0 days 19:14:59.880551000,69299.88055100001
358,45,13,Fitzsimmons Express,O,6,Thu Jan  9 08:30:26 2020,0 days 03:44:59.710531000,13499.710531
359,45,13,Fitzsimmons Express,X,6,Thu Jan  9 12:15:26 2020,0 days 19:29:59.908481000,70199.908481
360,45,13,Fitzsimmons Express,H,6,Fri Jan 10 07:45:26 2020,0 days 00:44:59.829894000,2699.829894
361,45,13,Fitzsimmons Express,O,6,Fri Jan 10 08:30:26 2020,0 days 04:45:00.352686000,17100.352686000002
362,45,13,Fitzsimmons Express,X,6,Fri Jan 10 13:15:26 2020,0 days 18:30:00.003352000,66600.003352
363,45,13,Fitzsimmons Express,H,6,Sat Jan 11 07:45:26 2020,0 days 00:44:59.889105000,2699.889105
364,45,13,Fitzsimmons Express,O,6,Sat Jan 11 08:30:26 2020,0 days 06:45:00.024824000,24300.024824
365,45,13,Fitzsimmons Express,X,6,Sat Jan 11 15:15:26 2020,0 days 16:29:59.883415000,59399.883415000004
366,45,13,Fitzsimmons Express,H,6,Sun Jan 12 07:45:26 2020,0 days 00:30:00.341306000,1800.341306
367,45,13,Fitzsimmons Express,O,6,Sun Jan 12 08:15:26 2020,0 days 06:14:59.881473000,22499.881473
368,45,13,Fitzsimmons Express,X,6,Sun Jan 12 14:30:26 2020,0 days 02:45:03.654823000,9903.654823
53,69,13,Blackcomb Gondola Lower,X,7,Fri Jan  3 00:19:09 2020,0 days 07:29:59.217251000,26999.217251000002
54,69,13,Blackcomb Gondola Lower,H,7,Fri Jan  3 07:49:08 2020,0 days 00:59:59.955929000,3599.955929
55,69,13,Blackcomb Gondola Lower,O,7,Fri Jan  3 08:49:08 2020,0 days 06:30:00.075907000,23400.075907000002
56,69,13,Blackcomb Gondola Lower,X,7,Fri Jan  3 15:19:08 2020,0 days 17:00:00.490553000,61200.490553
57,69,13,Blackcomb Gondola Lower,H,7,Sat Jan  4 08:19:09 2020,0 days 00:30:00.315220000,1800.3152200000002
58,69,13,Blackcomb Gondola Lower,O,7,Sat Jan  4 08:49:09 2020,0 days 06:29:59.194065000,23399.194065
59,69,13,Blackcomb Gondola Lower,X,7,Sat Jan  4 15:19:08 2020,0 days 16:29:59.800197000,59399.800197000004
60,69,13,Blackcomb Gondola Lower,H,7,Sun Jan  5 07:49:08 2020,0 days 00:30:00.082044000,1800.0820440000002
61,69,13,Blackcomb Gondola Lower,O,7,Sun Jan  5 08:19:08 2020,0 days 06:59:59.921145000,25199.921145
62,69,13,Blackcomb Gondola Lower,X,7,Sun Jan  5 15:19:08 2020,0 days 16:41:20.253036000,60080.253036
63,69,13,Blackcomb Gondola Lower,H,7,Mon Jan  6 08:00:28 2020,0 days 00:30:00.210025000,1800.210025
64,69,13,Blackcomb Gondola Lower,O,7,Mon Jan  6 08:30:29 2020,0 days 06:44:56.861770000,24296.861770000003
65,69,13,Blackcomb Gondola Lower,X,7,Mon Jan  6 15:15:26 2020,0 days 16:30:00.645198000,59400.645198000006
66,69,13,Blackcomb Gondola Lower,H,7,Tue Jan  7 07:45:26 2020,0 days 00:44:59.583076000,2699.5830760000003
67,69,13,Blackcomb Gondola Lower,O,7,Tue Jan  7 08:30:26 2020,0 days 06:45:00.203599000,24300.203599
68,69,13,Blackcomb Gondola Lower,X,7,Tue Jan  7 15:15:26 2020,0 days 16:29:59.999299000,59399.999299
69,69,13,Blackcomb Gondola Lower,H,7,Wed Jan  8 07:45:26 2020,0 days 00:45:00.182603000,2700.182603
70,69,13,Blackcomb Gondola Lower,O,7,Wed Jan  8 08:30:26 2020,0 days 06:45:00.593303000,24300.593303
71,69,13,Blackcomb Gondola Lower,X,7,Wed Jan  8 15:15:27 2020,0 days 16:29:59.502665000,59399.50266500001
72,69,13,Blackcomb Gondola Lower,H,7,Thu Jan  9 07:45:26 2020,0 days 00:45:00.012735000,2700.0127350000002
73,69,13,Blackcomb Gondola Lower,O,7,Thu Jan  9 08:30:26 2020,0 days 06:45:00.177602000,24300.177602
74,69,13,Blackcomb Gondola Lower,X,7,Thu Jan  9 15:15:26 2020,0 days 16:29:59.441410000,59399.44141000001
75,69,13,Blackcomb Gondola Lower,H,7,Fri Jan 10 07:45:26 2020,0 days 00:44:59.829894000,2699.829894
76,69,13,Blackcomb Gondola Lower,O,7,Fri Jan 10 08:30:26 2020,0 days 06:45:00.093875000,24300.093875000002
77,69,13,Blackcomb Gondola Lower,X,7,Fri Jan 10 15:15:26 2020,0 days 16:30:00.262163000,59400.26216300001
78,69,13,Blackcomb Gondola Lower,H,7,Sat Jan 11 07:45:26 2020,0 days 00:30:04.092417000,1804.092417
79,69,13,Blackcomb Gondola Lower,O,7,Sat Jan 11 08:15:30 2020,0 days 06:59:55.821512000,25195.821512000002
80,69,13,Blackcomb Gondola Lower,X,7,Sat Jan 11 15:15:26 2020,0 days 16:29:59.883415000,59399.883415000004
81,69,13,Blackcomb Gondola Lower,H,7,Sun Jan 12 07:45:26 2020,0 days 00:30:00.341306000,1800.341306
82,69,13,Blackcomb Gondola Lower,O,7,Sun Jan 12 08:15:26 2020,0 days 06:59:59.933867000,25199.933867000003
83,69,13,Blackcomb Gondola Lower,X,7,Sun Jan 12 15:15:26 2020,0 days 02:00:03.602429000,7203.6024290000005
84,70,13,Blackcomb Gondola Upper,X,7,Fri Jan  3 00:19:09 2020,1 days 07:59:59.739640000,115199.73964000001
85,70,13,Blackcomb Gondola Upper,H,7,Sat Jan  4 08:19:09 2020,0 days 00:30:00.315220000,1800.3152200000002
86,70,13,Blackcomb Gondola Upper,O,7,Sat Jan  4 08:49:09 2020,0 days 06:29:59.194065000,23399.194065
87,70,13,Blackcomb Gondola Upper,X,7,Sat Jan  4 15:19:08 2020,0 days 16:29:59.800197000,59399.800197000004
88,70,13,Blackcomb Gondola Upper,H,7,Sun Jan  5 07:49:08 2020,0 days 00:30:00.082044000,1800.0820440000002
89,70,13,Blackcomb Gondola Upper,O,7,Sun Jan  5 08:19:08 2020,0 days 06:59:59.921145000,25199.921145
90,70,13,Blackcomb Gondola Upper,X,7,Sun Jan  5 15:19:08 2020,0 days 16:41:20.253036000,60080.253036
91,70,13,Blackcomb Gondola Upper,H,7,Mon Jan  6 08:00:28 2020,0 days 00:30:00.210025000,1800.210025
92,70,13,Blackcomb Gondola Upper,O,7,Mon Jan  6 08:30:29 2020,0 days 06:44:56.861770000,24296.861770000003
93,70,13,Blackcomb Gondola Upper,X,7,Mon Jan  6 15:15:26 2020,0 days 16:30:00.645198000,59400.645198000006
94,70,13,Blackcomb Gondola Upper,H,7,Tue Jan  7 07:45:26 2020,0 days 00:44:59.583076000,2699.5830760000003
95,70,13,Blackcomb Gondola Upper,O,7,Tue Jan  7 08:30:26 2020,0 days 06:45:00.203599000,24300.203599
96,70,13,Blackcomb Gondola Upper,X,7,Tue Jan  7 15:15:26 2020,0 days 16:29:59.999299000,59399.999299
97,70,13,Blackcomb Gondola Upper,H,7,Wed Jan  8 07:45:26 2020,0 days 00:45:00.182603000,2700.182603
98,70,13,Blackcomb Gondola Upper,O,7,Wed Jan  8 08:30:26 2020,0 days 06:45:00.593303000,24300.593303
99,70,13,Blackcomb Gondola Upper,X,7,Wed Jan  8 15:15:27 2020,0 days 16:29:59.502665000,59399.50266500001
100,70,13,Blackcomb Gondola Upper,H,7,Thu Jan  9 07:45:26 2020,0 days 00:45:00.012735000,2700.0127350000002
101,70,13,Blackcomb Gondola Upper,O,7,Thu Jan  9 08:30:26 2020,0 days 06:45:00.177602000,24300.177602
102,70,13,Blackcomb Gondola Upper,X,7,Thu Jan  9 15:15:26 2020,0 days 16:29:59.441410000,59399.44141000001
103,70,13,Blackcomb Gondola Upper,H,7,Fri Jan 10 07:45:26 2020,0 days 00:44:59.829894000,2699.829894
104,70,13,Blackcomb Gondola Upper,O,7,Fri Jan 10 08:30:26 2020,0 days 06:45:00.093875000,24300.093875000002
105,70,13,Blackcomb Gondola Upper,X,7,Fri Jan 10 15:15:26 2020,0 days 16:30:00.262163000,59400.26216300001
106,70,13,Blackcomb Gondola Upper,H,7,Sat Jan 11 07:45:26 2020,0 days 00:30:04.092417000,1804.092417
107,70,13,Blackcomb Gondola Upper,O,7,Sat Jan 11 08:15:30 2020,0 days 06:59:55.821512000,25195.821512000002
108,70,13,Blackcomb Gondola Upper,X,7,Sat Jan 11 15:15:26 2020,0 days 16:29:59.883415000,59399.883415000004
109,70,13,Blackcomb Gondola Upper,H,7,Sun Jan 12 07:45:26 2020,0 days 00:30:00.341306000,1800.341306
110,70,13,Blackcomb Gondola Upper,O,7,Sun Jan 12 08:15:26 2020,0 days 06:59:59.933867000,25199.933867000003
111,70,13,Blackcomb Gondola Upper,X,7,Sun Jan 12 15:15:26 2020,0 days 02:00:03.602429000,7203.6024290000005
277,71,13,Excalibur Gondola Upper,X,5,Fri Jan  3 00:19:09 2020,0 days 07:29:59.217251000,26999.217251000002
278,71,13,Excalibur Gondola Upper,H,5,Fri Jan  3 07:49:08 2020,0 days 00:59:59.955929000,3599.955929
279,71,13,Excalibur Gondola Upper,O,5,Fri Jan  3 08:49:08 2020,0 days 06:30:00.075907000,23400.075907000002
280,71,13,Excalibur Gondola Upper,X,5,Fri Jan  3 15:19:08 2020,0 days 17:00:00.490553000,61200.490553
281,71,13,Excalibur Gondola Upper,H,5,Sat Jan  4 08:19:09 2020,0 days 00:30:00.315220000,1800.3152200000002
282,71,13,Excalibur Gondola Upper,O,5,Sat Jan  4 08:49:09 2020,0 days 06:29:59.194065000,23399.194065
283,71,13,Excalibur Gondola Upper,X,5,Sat Jan  4 15:19:08 2020,0 days 16:29:59.800197000,59399.800197000004
284,71,13,Excalibur Gondola Upper,H,5,Sun Jan  5 07:49:08 2020,0 days 00:30:00.082044000,1800.0820440000002
285,71,13,Excalibur Gondola Upper,O,5,Sun Jan  5 08:19:08 2020,0 days 06:59:59.921145000,25199.921145
286,71,13,Excalibur Gondola Upper,X,5,Sun Jan  5 15:19:08 2020,0 days 16:41:20.253036000,60080.253036
287,71,13,Excalibur Gondola Upper,H,5,Mon Jan  6 08:00:28 2020,0 days 00:30:00.210025000,1800.210025
288,71,13,Excalibur Gondola Upper,O,5,Mon Jan  6 08:30:29 2020,0 days 06:44:56.861770000,24296.861770000003
289,71,13,Excalibur Gondola Upper,X,5,Mon Jan  6 15:15:26 2020,0 days 16:30:00.645198000,59400.645198000006
290,71,13,Excalibur Gondola Upper,H,5,Tue Jan  7 07:45:26 2020,0 days 00:44:59.583076000,2699.5830760000003
291,71,13,Excalibur Gondola Upper,O,5,Tue Jan  7 08:30:26 2020,0 days 06:45:00.203599000,24300.203599
292,71,13,Excalibur Gondola Upper,X,5,Tue Jan  7 15:15:26 2020,0 days 16:29:59.999299000,59399.999299
293,71,13,Excalibur Gondola Upper,H,5,Wed Jan  8 07:45:26 2020,0 days 00:45:00.182603000,2700.182603
294,71,13,Excalibur Gondola Upper,O,5,Wed Jan  8 08:30:26 2020,0 days 06:45:00.593303000,24300.593303
295,71,13,Excalibur Gondola Upper,X,5,Wed Jan  8 15:15:27 2020,0 days 16:29:59.502665000,59399.50266500001
296,71,13,Excalibur Gondola Upper,H,5,Thu Jan  9 07:45:26 2020,0 days 00:45:00.012735000,2700.0127350000002
297,71,13,Excalibur Gondola Upper,O,5,Thu Jan  9 08:30:26 2020,0 days 06:45:00.177602000,24300.177602
298,71,13,Excalibur Gondola Upper,X,5,Thu Jan  9 15:15:26 2020,0 days 16:29:59.441410000,59399.44141000001
299,71,13,Excalibur Gondola Upper,H,5,Fri Jan 10 07:45:26 2020,0 days 00:44:59.829894000,2699.829894
300,71,13,Excalibur Gondola Upper,O,5,Fri Jan 10 08:30:26 2020,0 days 06:45:00.093875000,24300.093875000002
301,71,13,Excalibur Gondola Upper,X,5,Fri Jan 10 15:15:26 2020,0 days 16:30:00.262163000,59400.26216300001
302,71,13,Excalibur Gondola Upper,H,5,Sat Jan 11 07:45:26 2020,0 days 00:30:04.092417000,1804.092417
303,71,13,Excalibur Gondola Upper,O,5,Sat Jan 11 08:15:30 2020,0 days 06:59:55.821512000,25195.821512000002
304,71,13,Excalibur Gondola Upper,X,5,Sat Jan 11 15:15:26 2020,0 days 16:29:59.883415000,59399.883415000004
305,71,13,Excalibur Gondola Upper,H,5,Sun Jan 12 07:45:26 2020,0 days 00:30:00.341306000,1800.341306
306,71,13,Excalibur Gondola Upper,O,5,Sun Jan 12 08:15:26 2020,0 days 06:59:59.933867000,25199.933867000003
307,71,13,Excalibur Gondola Upper,X,5,Sun Jan 12 15:15:26 2020,0 days 02:00:03.602429000,7203.6024290000005
611,72,13,Whistler Village Gondola Upper,X,11,Fri Jan  3 00:19:09 2020,0 days 07:29:59.217251000,26999.217251000002
612,72,13,Whistler Village Gondola Upper,H,11,Fri Jan  3 07:49:08 2020,0 days 01:30:00.518959000,5400.518959
613,72,13,Whistler Village Gondola Upper,O,11,Fri Jan  3 09:19:09 2020,0 days 05:30:00.438443000,19800.438443000003
614,72,13,Whistler Village Gondola Upper,H,11,Fri Jan  3 14:49:09 2020,0 days 00:29:59.074434000,1799.074434
615,72,13,Whistler Village Gondola Upper,X,11,Fri Jan  3 15:19:08 2020,0 days 17:00:00.490553000,61200.490553
616,72,13,Whistler Village Gondola Upper,H,11,Sat Jan  4 08:19:09 2020,0 days 00:30:00.315220000,1800.3152200000002
617,72,13,Whistler Village Gondola Upper,O,11,Sat Jan  4 08:49:09 2020,0 days 01:29:59.535275000,5399.535275
618,72,13,Whistler Village Gondola Upper,H,11,Sat Jan  4 10:19:09 2020,0 days 02:59:59.756834000,10799.756834
619,72,13,Whistler Village Gondola Upper,O,11,Sat Jan  4 13:19:08 2020,0 days 01:59:59.901956000,7199.901956000001
620,72,13,Whistler Village Gondola Upper,X,11,Sat Jan  4 15:19:08 2020,0 days 16:29:59.800197000,59399.800197000004
621,72,13,Whistler Village Gondola Upper,H,11,Sun Jan  5 07:49:08 2020,0 days 00:30:00.082044000,1800.0820440000002
622,72,13,Whistler Village Gondola Upper,O,11,Sun Jan  5 08:19:08 2020,0 days 06:59:59.921145000,25199.921145
623,72,13,Whistler Village Gondola Upper,X,11,Sun Jan  5 15:19:08 2020,0 days 16:41:20.253036000,60080.253036
624,72,13,Whistler Village Gondola Upper,H,11,Mon Jan  6 08:00:28 2020,0 days 00:30:00.210025000,1800.210025
625,72,13,Whistler Village Gondola Upper,O,11,Mon Jan  6 08:30:29 2020,0 days 06:44:56.861770000,24296.861770000003
626,72,13,Whistler Village Gondola Upper,X,11,Mon Jan  6 15:15:26 2020,0 days 16:30:00.645198000,59400.645198000006
627,72,13,Whistler Village Gondola Upper,H,11,Tue Jan  7 07:45:26 2020,0 days 00:59:59.573200000,3599.5732000000003
628,72,13,Whistler Village Gondola Upper,O,11,Tue Jan  7 08:45:26 2020,0 days 06:30:00.213475000,23400.213475
629,72,13,Whistler Village Gondola Upper,X,11,Tue Jan  7 15:15:26 2020,0 days 16:29:59.999299000,59399.999299
630,72,13,Whistler Village Gondola Upper,H,11,Wed Jan  8 07:45:26 2020,0 days 00:45:00.182603000,2700.182603
631,72,13,Whistler Village Gondola Upper,O,11,Wed Jan  8 08:30:26 2020,0 days 06:45:00.593303000,24300.593303
632,72,13,Whistler Village Gondola Upper,X,11,Wed Jan  8 15:15:27 2020,0 days 16:29:59.502665000,59399.50266500001
633,72,13,Whistler Village Gondola Upper,H,11,Thu Jan  9 07:45:26 2020,0 days 00:45:00.012735000,2700.0127350000002
634,72,13,Whistler Village Gondola Upper,O,11,Thu Jan  9 08:30:26 2020,0 days 06:45:00.177602000,24300.177602
635,72,13,Whistler Village Gondola Upper,X,11,Thu Jan  9 15:15:26 2020,0 days 16:29:59.441410000,59399.44141000001
636,72,13,Whistler Village Gondola Upper,H,11,Fri Jan 10 07:45:26 2020,0 days 00:44:59.829894000,2699.829894
637,72,13,Whistler Village Gondola Upper,O,11,Fri Jan 10 08:30:26 2020,0 days 06:45:00.093875000,24300.093875000002
638,72,13,Whistler Village Gondola Upper,X,11,Fri Jan 10 15:15:26 2020,0 days 16:30:00.262163000,59400.26216300001
639,72,13,Whistler Village Gondola Upper,H,11,Sat Jan 11 07:45:26 2020,0 days 00:30:04.092417000,1804.092417
640,72,13,Whistler Village Gondola Upper,O,11,Sat Jan 11 08:15:30 2020,0 days 06:59:55.821512000,25195.821512000002
641,72,13,Whistler Village Gondola Upper,X,11,Sat Jan 11 15:15:26 2020,0 days 16:29:59.883415000,59399.883415000004
642,72,13,Whistler Village Gondola Upper,H,11,Sun Jan 12 07:45:26 2020,0 days 00:30:00.341306000,1800.341306
643,72,13,Whistler Village Gondola Upper,O,11,Sun Jan 12 08:15:26 2020,0 days 06:59:59.933867000,25199.933867000003
644,72,13,Whistler Village Gondola Upper,X,11,Sun Jan 12 15:15:26 2020,0 days 02:00:03.602429000,7203.6024290000005
